Cambio,Titulo,Estado,Prioridad,Impacto esperado,Riesgo,Esfuerzo,Tanda,Preparacion,Candidato a revision documental,Beneficio esperado,Riesgo concreto,Coste de preparacion,Dependencias,Condicion antes de incorporar,VNext,Fuente,Blob fuente,Texto viejo localizado,Texto despues ya presente,Autorizado a aplicar
1,Nota de acceso a revisión de EP,Ya publicado,Histórico,Medio,Bajo,Bajo,Histórico,Fuera de tandas pendientes,No,Hacer visible el expediente de auditoría.,Repetir la nota ya publicada duplicaría la entrada del README.,No requiere nueva edición; mantener el vínculo.,governance/CORPUS_REVIEW_PROCEDURE_2026-10-06.md,No volver a ejecutar: el texto después está presente.,architectural-contributions/ecosystem-positioning/README_VNext.md,architectural-contributions/ecosystem-positioning/README.md,ed97dbe9f34758219863511717c4f237b48bedf3,1,1,No
2,Antigua propuesta de convertir EP en Level 4,Descartado,Histórico,No vigente,Alto,No procede,Histórico,Fuera de tandas pendientes,No,No se evalúa como beneficio actual: contradice los tres niveles canónicos acordados.,Reabrirla expandiría la jerarquía y confundiría los catálogos auxiliares con canon.,No invertir en ejecución; conservar la historia.,DOCUMENT_CONTROL.md,Retirada por la instrucción de tres niveles; los tres catálogos auxiliares no la reactivan.,architectural-contributions/ecosystem-positioning/README_VNext.md,architectural-contributions/ecosystem-positioning/README.md,ed97dbe9f34758219863511717c4f237b48bedf3,1,0,No
3,Explicar la idea central antes de elegir una ruta,Pendiente de decisión,Siguiente,Medio,Medio,Bajo,4 — Lectura humana y rutas,Reformular como adición append-only,No,Dar a una persona una pregunta corriente antes de los índices.,La inserción literal propuesta toca el cuerpo EP protegido; el texto debe adaptarse a una adición al final y evitar repetición con la introducción.,Una explicación breve y comprobación de lectura; la adaptación de ubicación tiene que mostrarse antes/después.,architectural-contributions/ecosystem-positioning/README.md; architectural-contributions/ecosystem-positioning/DEVELOPMENT_STRATEGY.md,Reformular para append-only o recibir decisión concreta de Iván sobre el cuerpo.,architectural-contributions/ecosystem-positioning/README_VNext.md,architectural-contributions/ecosystem-positioning/README.md,ed97dbe9f34758219863511717c4f237b48bedf3,1,0,No
4,Separar semántica actual y resultados históricos,Pendiente de decisión,Primera,Alto,Medio,Medio,1 — Claridad de evidencia y estado,Reformular como adición append-only,No,Evitar que enlazar la nueva definición A/B/C/D parezca revalidar pruebas antiguas.,"Una precisión local puede dejar que otros README, decks o pruebas continúen amplificando el resultado; tampoco autoriza reescribir evidencia histórica.",Adición explicativa de EP y cotejo de notas 00M/00N y proof map; no repetir o modificar pruebas.,research/ecosystem-awareness/baseline/00M_VNext.md; research/ecosystem-awareness/baseline/00N_VNext.md; research/ecosystem-awareness/baseline/00K_A17_DOCUMENTATION_REPRODUCIBILITY_AND_PROOF_MAP_v0.1.md,"Adaptar a append-only en EP; mantener versión, premisas y límites de cada resultado.",architectural-contributions/ecosystem-positioning/README_VNext.md,architectural-contributions/ecosystem-positioning/README.md,ed97dbe9f34758219863511717c4f237b48bedf3,1,0,No
5,Distinguir principios P1–P6 y posturas P1–P3,Pendiente de decisión,Siguiente,Medio,Medio,Bajo,4 — Lectura humana y rutas,Reformular como adición append-only,No,Impedir que una etiqueta de postura se lea como principio demostrado.,Cambiar IDs o solo una explicación dejaría referencias incompatibles; la inserción propuesta está en el cuerpo EP protegido.,Nota breve con lectura cruzada de Requirements y Operation; no renombrar etiquetas.,research/ecosystem-awareness/baseline/00_CANONICAL_REQUIREMENTS_CHALLENGES_SUFFICIENCY_HYPOTHESES_KPIS.md; standards/minimum-sufficient-control/04_CANONICAL_MSCA_OPERATION_AND_REPOSITIONING.md,Adición append-only; conservar nombres y aclarar sus dueños.,architectural-contributions/ecosystem-positioning/README_VNext.md,architectural-contributions/ecosystem-positioning/README.md,ed97dbe9f34758219863511717c4f237b48bedf3,1,0,No
6,Explicar cómo leer la tabla mecanismo–requisito,Pendiente de decisión,Siguiente,Medio,Bajo,Bajo,4 — Lectura humana y rutas,Candidato para revisión documental concreta,Si,"Separar obligación, condición, hipótesis y abreviatura local de la tabla.",Presentar M1–M4 como nueva familia normativa o confundir trazabilidad con conformidad.,Un párrafo de orientación y cotejo de S/T/H; ningún nuevo campo.,research/ecosystem-awareness/baseline/00M_A01_MECHANISM_TO_REQUIREMENTS_TRACEABILITY_v0.1_WORKING_PROPOSAL.md; research/ecosystem-awareness/baseline/00_CANONICAL_REQUIREMENTS_CHALLENGES_SUFFICIENCY_HYPOTHESES_KPIS.md,Mantener la tabla y límites; confirmar preservación de la fuente fijada antes de incorporar.,research/ecosystem-awareness/baseline/00M_A01_VNext.md,research/ecosystem-awareness/baseline/00M_A01_MECHANISM_TO_REQUIREMENTS_TRACEABILITY_v0.1_WORKING_PROPOSAL.md,8832c255e3775116046273363c131c05878af16d,1,0,No
7,Dar un siguiente paso de 00M a 00N,Pendiente de decisión,Después,Medio,Bajo,Bajo,4 — Lectura humana y rutas,Preparar ficha o successor preservando fuente,No,Facilitar lectura independiente sin confundir representación y funcionamiento.,El enlace versionado puede quedar viejo cuando cambie la ruta 00N; un enlace nuevo dentro de 00M afecta un payload identificado.,Texto corto y comprobar ruta/versión; la vía de incorporación debe conservar la edición anterior.,research/ecosystem-awareness/baseline/00N_FROM_MECHANISM_TO_REQUIREMENTS_SCIENTIFIC_PLAUSIBILITY_v0.7_RESEARCH_NOTE.md,Ficha externa o successor que preserve el original identificado.,research/ecosystem-awareness/baseline/00M_VNext.md,research/ecosystem-awareness/baseline/00M_ABCD_AND_MATHEMATICAL_PLAUSIBILITY_v0.8_RESEARCH_NOTE.md,c97353991117f63983feba24bf8344cf52e9f1e7,1,0,No
8,Ejemplo de evidencia incompatible y falsa certeza,Pendiente de decisión,Siguiente,Alto,Medio,Medio,4 — Lectura humana y rutas,Preparar ficha o successor preservando fuente,No,Mostrar que una aproximación singleton no demuestra que exista un estado compatible.,Podría leerse como obligación de enumerar todos los estados o confundir consistencia con completitud; afecta el significado que lectores y pruebas reutilizan.,"Revisión lógica del ejemplo y correspondencia con premisas, manteniendo la edición 00M previa.",research/ecosystem-awareness/baseline/00M_ABCD_AND_MATHEMATICAL_PLAUSIBILITY_v0.8_RESEARCH_NOTE.md; research/ecosystem-awareness/baseline/00M_A01_MECHANISM_TO_REQUIREMENTS_TRACEABILITY_v0.1_WORKING_PROPOSAL.md,Confirmar que el ejemplo solo aclara una condición; conservar payload identificado.,research/ecosystem-awareness/baseline/00M_VNext.md,research/ecosystem-awareness/baseline/00M_ABCD_AND_MATHEMATICAL_PLAUSIBILITY_v0.8_RESEARCH_NOTE.md,c97353991117f63983feba24bf8344cf52e9f1e7,1,0,No
9,Acceso alternativo a la referencia R4,Pendiente de decisión,Después,Medio,Bajo,Bajo,4 — Lectura humana y rutas,Preparar ficha o successor preservando fuente,No,Hacer accesible el paper y distinguir copia y registro de publicación.,Una URL externa o edición puede cambiar; el fallo de acceso de una herramienta no prueba que la URL original esté rota para todos.,Comprobar identidad/edición y acceso cuando se decida; no reproducir la prueba.,research/ecosystem-awareness/baseline/00M_ABCD_AND_MATHEMATICAL_PLAUSIBILITY_v0.8_RESEARCH_NOTE.md,Conservar cita original/historia y la fecha de consulta; ficha o successor.,research/ecosystem-awareness/baseline/00M_VNext.md,research/ecosystem-awareness/baseline/00M_ABCD_AND_MATHEMATICAL_PLAUSIBILITY_v0.8_RESEARCH_NOTE.md,c97353991117f63983feba24bf8344cf52e9f1e7,1,0,No
10,Distinguir versiones de origen y ruta actual del addendum,Pendiente de decisión,Siguiente,Medio,Bajo,Bajo,4 — Lectura humana y rutas,Completar comprobaciones específicas antes de decisión,No,Conservar companions v0.6/v0.5 y orientar hacia v0.8/v0.7.,Sustituir las referencias históricas haría parecer que el texto se escribió con fuentes posteriores; los nuevos enlaces también envejecen.,Una frase y cotejo de cuatro enlaces de versión.,research/ecosystem-awareness/baseline/00M_ABCD_AND_MATHEMATICAL_PLAUSIBILITY_v0.6_RESEARCH_NOTE.md; research/ecosystem-awareness/baseline/00M_ABCD_AND_MATHEMATICAL_PLAUSIBILITY_v0.8_RESEARCH_NOTE.md; research/ecosystem-awareness/baseline/00N_FROM_MECHANISM_TO_REQUIREMENTS_SCIENTIFIC_PLAUSIBILITY_v0.5_RESEARCH_NOTE.md; research/ecosystem-awareness/baseline/00N_FROM_MECHANISM_TO_REQUIREMENTS_SCIENTIFIC_PLAUSIBILITY_v0.7_RESEARCH_NOTE.md,Identificar fecha de la ruta actual y preservar las referencias de origen.,research/ecosystem-awareness/baseline/00N_ADDENDUM_VNext.md,research/ecosystem-awareness/baseline/00N_RESEARCH_NEIGHBOURS_AND_EXPERIMENTAL_PRECEDENTS_v0.1_ADDENDUM.md,37a22b64bf81b5f1b80d9b85fe24fe5eba4fad63,1,0,No
11,Condicionar el tamaño y coste del contexto útil,Pendiente de decisión,Primera,Alto,Medio,Medio,1 — Claridad de evidencia y estado,Preparar ficha o successor preservando fuente,No,Evitar que small se lea como garantía universal de metadatos pequeños y baratos.,"Cambiar una frase sin conciliar métricas, README y comparaciones deja una promesa de coste implícita en otros lugares.",Revisión de alcance en 00N y consumidores de la afirmación; no se conoce coste operativo universal.,research/ecosystem-awareness/baseline/00N_FROM_MECHANISM_TO_REQUIREMENTS_SCIENTIFIC_PLAUSIBILITY_v0.7_RESEARCH_NOTE.md; research/ecosystem-awareness/baseline/00D_CANONICAL_ARCHITECTURE_BENCHMARK_v0.3_DRAFT_ECOSYSTEM_POSITIONING.md,"Preservar fuente identificada; mantener tamaño, interpretación y suficiencia como preguntas condicionadas.",research/ecosystem-awareness/baseline/00N_VNext.md,research/ecosystem-awareness/baseline/00N_FROM_MECHANISM_TO_REQUIREMENTS_SCIENTIFIC_PLAUSIBILITY_v0.7_RESEARCH_NOTE.md,b4e011d8e0d9a5beb8258ca572e504520140c883,1,0,No
12,Ruta corta de lectura en 00N,Pendiente de decisión,Después,Medio,Bajo,Bajo,4 — Lectura humana y rutas,Preparar ficha o successor preservando fuente,No,Orientar desde el ejemplo de dos ready signals hacia T1–T4.,Ancla o sección puede cambiar; una ruta didáctica no sustituye límites ni prueba de utilidad.,"Una frase, comprobación de ancla y lectura simulada indicada como tal.",research/ecosystem-awareness/baseline/00N_FROM_MECHANISM_TO_REQUIREMENTS_SCIENTIFIC_PLAUSIBILITY_v0.7_RESEARCH_NOTE.md,Ficha externa o successor; conservar fuente y comprobar #36-two-ready-signals-one-version-condition.,research/ecosystem-awareness/baseline/00N_VNext.md,research/ecosystem-awareness/baseline/00N_FROM_MECHANISM_TO_REQUIREMENTS_SCIENTIFIC_PLAUSIBILITY_v0.7_RESEARCH_NOTE.md,b4e011d8e0d9a5beb8258ca572e504520140c883,1,0,No
13,Publicación de 00N distinta de madurez,Pendiente de decisión,Siguiente,Medio,Bajo,Bajo,1 — Claridad de evidencia y estado,Preparar ficha o successor preservando fuente,No,"Que local draft no oculte que el documento ya es público, sin afirmar validación.",Confundir publicación con Requirements successor o registro operativo; alterar encabezado de payload fijado.,Una etiqueta de estado con decisión editorial del autor.,research/ecosystem-awareness/baseline/00N_FROM_MECHANISM_TO_REQUIREMENTS_SCIENTIFIC_PLAUSIBILITY_v0.7_RESEARCH_NOTE.md,Registrar preferencia de Iván y conservar la edición anterior.,research/ecosystem-awareness/baseline/00N_VNext.md,research/ecosystem-awareness/baseline/00N_FROM_MECHANISM_TO_REQUIREMENTS_SCIENTIFIC_PLAUSIBILITY_v0.7_RESEARCH_NOTE.md,b4e011d8e0d9a5beb8258ca572e504520140c883,1,0,No
14,Corregir el total a seis familias de escenarios,Pendiente de decisión,Siguiente,Medio,Bajo,Bajo,1 — Claridad de evidencia y estado,Candidato para revisión documental concreta,Si,Hacer que el encabezado corresponda a la enumeración E–J.,Corregir solo el título dejaría la frase de tres adicionales incoherente; emparejar con cambio 15.,"Dos correcciones documentales conjuntas, sin cambiar Requirements congelado.",research/ecosystem-awareness/baseline/00_REQUIREMENTS_VNEXT_REVIEW_AND_DELTA_v0.1_DRAFT.md,Preparar junto con 15 y conservar el VNext anterior.,research/ecosystem-awareness/baseline/00_REQUIREMENTS_VNEXT_REVIEW_AND_DELTA_v0.1_DRAFT.md,research/ecosystem-awareness/baseline/00_REQUIREMENTS_VNEXT_REVIEW_AND_DELTA_v0.1_DRAFT.md,a8ebfc8abe61fb569a658c722bcb714371f1693d,1,0,No
15,Cuatro familias distintas sin afirmar independencia,Pendiente de decisión,Siguiente,Medio,Bajo,Bajo,1 — Claridad de evidencia y estado,Candidato para revisión documental concreta,Si,Corregir el número G/H/I/J y evitar independencia estadística implícita.,Usar independent como propiedad inferida de nombres exagera evidencia; hay que mantener coherencia con el cambio 14.,Una frase del registro y comprobación de la lista.,research/ecosystem-awareness/baseline/00_REQUIREMENTS_VNEXT_REVIEW_AND_DELTA_v0.1_DRAFT.md,Decidir junto con 14; ningún nuevo requisito.,research/ecosystem-awareness/baseline/00_REQUIREMENTS_VNEXT_REVIEW_AND_DELTA_v0.1_DRAFT.md,research/ecosystem-awareness/baseline/00_REQUIREMENTS_VNEXT_REVIEW_AND_DELTA_v0.1_DRAFT.md,a8ebfc8abe61fb569a658c722bcb714371f1693d,1,0,No
16,Vincular la ejecución al estado recalificado,Pendiente de decisión,Primera,Alto,Alto,Alto,3 — Contratos y protocolo de evaluación,Preparar ficha o successor preservando fuente,No,Cerrar documentalmente el hueco entre recheck y estado realmente usado.,Puede añadir una obligación nueva a S10 y cambiar la lectura de pruebas/consumidores existentes; timestamps no prueban binding y un freeze no se reescribe.,"Adjudicación normativa, successor y revisión de controles positivos/negativos e interfaces; la edición de una frase es la parte menor.",research/ecosystem-awareness/baseline/00_CANONICAL_REQUIREMENTS_CHALLENGES_SUFFICIENCY_HYPOTHESES_KPIS.md; research/ecosystem-awareness/baseline/00I_FAILURE_MODE_SEMANTIC_TOCTOU_v0.5_FREEZE_EDITION.md; research/ecosystem-awareness/baseline/04_GENERAL_FUNCTIONAL_INTERFACES_AGENTIC_SECURITY_v0.5_INTEGRATED.md; research/ecosystem-awareness/baseline/01D_EA_MSCA_RA_OPERATION_COMPOSITION_PROFILE_v0.1.md; research/ecosystem-awareness/baseline/00K_A23_CANONICAL_REQUIREMENT_CONFORMANCE_SUFFICIENCY_P1_P6_v0.1.md,"Resolver aclaración versus obligación nueva, versión y consumidores; no reivindicar A23 probado ni editar freeze.",research/ecosystem-awareness/baseline/00_REQUIREMENTS_VNEXT_REVIEW_AND_DELTA_v0.1_DRAFT.md,research/ecosystem-awareness/baseline/00_CANONICAL_REQUIREMENTS_CHALLENGES_SUFFICIENCY_HYPOTHESES_KPIS.md,4fe3d69b50fef1e82ba7f889324b70a7f6b1a81c,1,0,No
17,Explicar la correspondencia P_RA y delta RA,Pendiente de decisión,Primera,Alto,Alto,Medio,"2 — Coherencia entre RA, EA y MSCA",Conciliar contrato y consumidores,No,Evitar que dos representaciones distintas se tomen como equivalentes por enlace.,"Una correspondencia inventada pierde scope, certeza o condiciones de acción; varios perfiles consumen esas salidas.","Cotejo de productor, 01D, Operation y retorno; no solo edición.",research/ecosystem-awareness/baseline/00M_ABCD_AND_MATHEMATICAL_PLAUSIBILITY_v0.8_RESEARCH_NOTE.md; research/ecosystem-awareness/baseline/01C_EA_REGIME_AWARENESS_INTERFACE_ANNEX_v0.2.md; research/regime-awareness/README.md; standards/minimum-sufficient-control/03_MSCA_ECOSYSTEM_COMPOSITION_AND_CONTROL.md; standards/minimum-sufficient-control/04_CANONICAL_MSCA_OPERATION_AND_REPOSITIONING.md; research/ecosystem-awareness/baseline/01D_EA_MSCA_RA_OPERATION_COMPOSITION_PROFILE_v0.1.md; research/ecosystem-awareness/baseline/01J_ECOSYSTEM_SIGNALLING_SELECTIVE_DISCLOSURE_AND_CHOREOGRAPHED_REPOSITIONING_v0.1.md,Declarar qué mapping está justificado y qué sigue pendiente; no inventar wire fields.,research/ecosystem-awareness/baseline/01D_VNext.md,research/ecosystem-awareness/baseline/01D_EA_MSCA_RA_OPERATION_COMPOSITION_PROFILE_v0.1.md,c9cb2d1326f016db89ec41f9945638e25ecbbead,1,0,No
18,Actualizar la referencia de 04 a 00I existente,Pendiente de decisión,Siguiente,Medio,Medio,Bajo,1 — Claridad de evidencia y estado,Completar comprobaciones específicas antes de decisión,No,Eliminar la reserva future 00I sin atribuir una ejecución que no existe.,"Si 05/05A mantienen None committed o future, la cadena queda desactualizada; la existencia no acredita un mapping.",Precisar esta frase y revisar textos temporales relacionados en 04/05/05A.,research/ecosystem-awareness/baseline/00I_FAILURE_MODE_SEMANTIC_TOCTOU_v0.5_FREEZE_EDITION.md; research/ecosystem-awareness/baseline/04_GENERAL_FUNCTIONAL_INTERFACES_AGENTIC_SECURITY_VNEXT_REVIEW_AND_DELTA_v0.1_DRAFT.md; research/ecosystem-awareness/fg-tida/interfaces/05_FG_TIDA_IDEAL_CROSS_THEME_INTERFACE_CONTRACTS_VNEXT_REVIEW_AND_DELTA_v0.1_DRAFT.md; research/ecosystem-awareness/fg-tida/interfaces/05A_FG_TIDA_CURRENT_STATE_CONFORMANCE_BRIDGE_VNEXT_REVIEW_AND_DELTA_v0.1_DRAFT.md,Coordinación con cambio 33 y pasajes relacionados; conservar fechas y owners.,research/ecosystem-awareness/baseline/04_GENERAL_FUNCTIONAL_INTERFACES_AGENTIC_SECURITY_VNEXT_REVIEW_AND_DELTA_v0.1_DRAFT.md,research/ecosystem-awareness/baseline/04_GENERAL_FUNCTIONAL_INTERFACES_AGENTIC_SECURITY_VNEXT_REVIEW_AND_DELTA_v0.1_DRAFT.md,598ed9ea150f288b086dde7c6ea569cd9694fbf5,1,0,No
19,Condicionar cuándo un A_ref conserva el resultado,Pendiente de decisión,Primera,Alto,Alto,Alto,3 — Contratos y protocolo de evaluación,Conciliar contrato y consumidores,No,Permitir perfiles de referencia útiles sin fingir acceso al valor ni fabricar B.,"Cambiar el kernel EHD puede afectar los 176 mappings, privacidad, permisos y decisiones que exigen resultado; una referencia unavailable no vale como A.","Adjudicar H06, revisar perfiles full-result/metadata-only, consumers y correspondencia del contrato de entrada.",research/ecosystem-awareness/baseline/04_GENERAL_FUNCTIONAL_INTERFACES_AGENTIC_SECURITY_v0.5_INTEGRATED.md; research/ecosystem-awareness/baseline/04_EA_ABCD_RECOGNITION_AND_INTERFACE_MAP_v0.1_WORKING_PROPOSAL.md; research/ecosystem-awareness/baseline/04_INPUT_INTERFACE_CONTRACT/04_INPUT_INTERFACE_CONTRACT_v0.4.md; research/ecosystem-awareness/fg-tida/interfaces/05_FG_TIDA_IDEAL_CROSS_THEME_INTERFACE_CONTRACTS_VNEXT_REVIEW_AND_DELTA_v0.1_DRAFT.md; research/ecosystem-awareness/fg-tida/interfaces/05A_FG_TIDA_CURRENT_STATE_CONFORMANCE_BRIDGE_VNEXT_REVIEW_AND_DELTA_v0.1_DRAFT.md,"H06, 176 filas y ejemplos de acceso/freshness/binding pendientes; successor y controles por perfil, sin promover baseline.",research/ecosystem-awareness/baseline/04_GENERAL_FUNCTIONAL_INTERFACES_AGENTIC_SECURITY_VNEXT_REVIEW_AND_DELTA_v0.1_DRAFT.md,research/ecosystem-awareness/baseline/04_GENERAL_FUNCTIONAL_INTERFACES_AGENTIC_SECURITY_v0.5_INTEGRATED.md,2b563c102f62d029c6037b47b047e4ac21755e5b,1,0,No
20,Orientación humana del índice EA,Pendiente de decisión,Siguiente,Medio,Bajo,Bajo,4 — Lectura humana y rutas,Candidato para revisión documental concreta,Si,Explicar para qué sirven ayudas visuales y cómo continuar hacia argumento/pruebas.,Un resumen demasiado largo puede repetir el índice o perder límites; los enlaces deben seguir vigentes.,"Un párrafo con revisión de lectura y rutas, sin reordenar el README.",research/ecosystem-awareness/baseline/README.md; research/ecosystem-awareness/baseline/visuals/README.md,Confirmar ubicación/adición preservando el texto antiguo y lectura humana.,research/ecosystem-awareness/baseline/README_VNext.md,research/ecosystem-awareness/baseline/README.md,359dea888dac9778c1c49e17a091b8fe6fe89b00,1,0,No
21,Acceso a trabajo adicional desde baseline,Ya publicado,Histórico,Medio,Bajo,No nuevo,Histórico,Fuera de tandas pendientes,No,Dar ruta a materiales adicionales sin convertirlos en canon.,Duplicar el bloque ya publicado confunde al lector.,Adición ya realizada y leída de vuelta.,research/ecosystem-awareness/baseline/non-canonical/README.md,"No volver a ejecutar; diferencia de espacios en blanco del contexto, mismo bloque publicado.",research/ecosystem-awareness/baseline/README_VNext.md,research/ecosystem-awareness/baseline/README.md,359dea888dac9778c1c49e17a091b8fe6fe89b00,1,0,No
22,Mantener al dueño legítimo de la respuesta en UC03,Pendiente de decisión,Primera,Alto,Alto,Medio,"2 — Coherencia entre RA, EA y MSCA",Preparar ficha o successor preservando fuente,No,"Que F7 oriente revisión pero no se apropie de permiso, contención o ejecución.",El perfil congelado y sus consumidores pueden atribuir facultades distintas; modificar solo un párrafo deja la interfaz inconsistente.,Cotejo UC03–Operation–01D y preparación de successor/ficha; no intervención en freeze.,research/ecosystem-awareness/baseline/UC-EA-03_v0.4_MAINTENANCE_FREEZE.md; research/ecosystem-awareness/baseline/00_CANONICAL_REQUIREMENTS_CHALLENGES_SUFFICIENCY_HYPOTHESES_KPIS.md; standards/minimum-sufficient-control/04_CANONICAL_MSCA_OPERATION_AND_REPOSITIONING.md; research/ecosystem-awareness/baseline/01D_EA_MSCA_RA_OPERATION_COMPOSITION_PROFILE_v0.1.md,Acordar owner de respuesta y conservar hechos/versión de UC03 y sus partes.,research/ecosystem-awareness/baseline/UC-EA-03_VNext.md,research/ecosystem-awareness/baseline/UC-EA-03_v0.4_MAINTENANCE_FREEZE.md,7d940f33d011bb234f98e5d03a408dbeca34d92d,1,0,No
23,Calificar el fallback humano por autoridad y plazo,Pendiente de decisión,Primera,Alto,Alto,Medio,"2 — Coherencia entre RA, EA y MSCA",Preparar ficha o successor preservando fuente,No,Impedir que reviewer indisponible se resuelva con fallback indefinido o aprobación curativa.,Puede cambiar el resultado esperado y exigir capacidad/tiempo no representados; no todos los fallback son equivalentes o autorizados.,"Revisar ramas, T3/T4, capacidad y consumidores conjuntamente con cambio 22.",research/ecosystem-awareness/baseline/UC-EA-03_v0.4_MAINTENANCE_FREEZE.md; research/ecosystem-awareness/baseline/00_CANONICAL_REQUIREMENTS_CHALLENGES_SUFFICIENCY_HYPOTHESES_KPIS.md; standards/minimum-sufficient-control/04_CANONICAL_MSCA_OPERATION_AND_REPOSITIONING.md; research/ecosystem-awareness/baseline/01D_EA_MSCA_RA_OPERATION_COMPOSITION_PROFILE_v0.1.md,Fuente congelada intacta; justificar fallback seguro o conservar salida unresolved.,research/ecosystem-awareness/baseline/UC-EA-03_VNext.md,research/ecosystem-awareness/baseline/UC-EA-03_v0.4_MAINTENANCE_FREEZE.md,7d940f33d011bb234f98e5d03a408dbeca34d92d,1,0,No
24,Separar versión de schema y paquete UC4,Pendiente de decisión,Siguiente,Medio,Medio,Bajo,1 — Claridad de evidencia y estado,Completar comprobaciones específicas antes de decisión,No,No mezclar schema 1.1.0 con release 1.1.0-r1.,"Companion mutable, sidecar y validador pueden usar versiones distintas; corregir solo el README deja el perfil o import note desfasados.",Cotejo del manifest pin y dos documentos receptores; no cambiar sidecars congelados.,research/ecosystem-awareness/baseline/reductions/00G-R01/oracle/UC4_INTEROPERABILITY_PROFILE.md; research/ecosystem-awareness/baseline/reductions/00G-R01/oracle/NELSON_BASELINE_IMPORT.md,Verificar vigencia del pin antes de incorporar; source-review no equivale a validator-pass.,research/ecosystem-awareness/baseline/reductions/00G-R01/oracle/README_VNext.md,research/ecosystem-awareness/baseline/reductions/00G-R01/oracle/README.md,282d97ed967898a086303927872fbdfcaf37dd70,1,0,No
25,Explicar reutilización por familia sin trasladar resultados,Pendiente de decisión,Siguiente,Alto,Medio,Medio,4 — Lectura humana y rutas,Completar comprobaciones específicas antes de decisión,No,Hacer visible qué puede usarse de Q1a/00K/00L/00I/C3 y qué sigue sin mapping.,La tabla puede quedar vieja o sumar campañas distintas como evidencia R01; desarrollar un adapter es otra acción.,Siete familias con owners/versiones y comparación de límites; no importación ni ejecución.,research/ecosystem-awareness/baseline/fixtures/RS-00E-Q1a/README.md; research/ecosystem-awareness/baseline/fixtures/00K-SUITE/README.md; research/ecosystem-awareness/baseline/00L_REINFORCED_PAPER_TRAVERSALS_00E_00J_v0.1/README.md; research/ecosystem-awareness/baseline/fixtures/00I-STATEFUL/README.md; research/ecosystem-awareness/baseline/fixtures/00G-HF-ORACLE-v0.4/README.md,"Alinear con matriz existente, tareas 1/2 y workplan; tabla propuesta, no admisión.",research/ecosystem-awareness/baseline/reductions/00G-R01/oracle/README_VNext.md,research/ecosystem-awareness/baseline/reductions/00G-R01/oracle/README.md,282d97ed967898a086303927872fbdfcaf37dd70,1,0,No
26,Self-test verde distinto de tecnología que pasa,Pendiente de decisión,Primera,Alto,Bajo,Bajo,1 — Claridad de evidencia y estado,Candidato para revisión documental concreta,Si,Evitar que seis controles esperados se presenten como seis éxitos de tecnologías.,Números o estados del lote pueden quedar desactualizados; la explicación debe citar v0.9 en vez de decir siempre current.,Un párrafo y cotejo de las seis entradas fijadas; no recalcular evidencia.,research/ecosystem-awareness/baseline/reductions/00G-R01/oracle/SELFTEST_RECORD_v0.9.md; research/ecosystem-awareness/baseline/reductions/00G-R01/oracle/selftest_result_v0.9.json,"Fijar registro usado y distinguir control esperado, candidate status y conclusión.",research/ecosystem-awareness/baseline/reductions/00G-R01/oracle/README_VNext.md,research/ecosystem-awareness/baseline/reductions/00G-R01/oracle/README.md,282d97ed967898a086303927872fbdfcaf37dd70,1,0,No
27,Límite de dominio e independencia del oráculo,Pendiente de decisión,Primera,Alto,Medio,Medio,1 — Claridad de evidencia y estado,Candidato para revisión documental concreta,Si,Impedir que acuerdo de dos implementaciones o un DAG finito parezca validación externa del R01 completo.,Si otros README/métricas mantienen esa extrapolación el efecto queda incompleto; futuras ampliaciones pueden cambiar el dominio.,"Cotejo del dominio/premisas y recibos ya existentes, M16/M17, sin nuevas campañas.",research/ecosystem-awareness/baseline/reductions/00G-R01/oracle/README.md; research/ecosystem-awareness/baseline/reductions/00G-R01/oracle/SELFTEST_RECORD_v0.9.md; research/ecosystem-awareness/baseline/reductions/00G-R01/oracle/selftest_result_v0.9.json; research/ecosystem-awareness/baseline/reductions/00G-R01/oracle/UC4_INTEROPERABILITY_PROFILE.md; research/ecosystem-awareness/baseline/reductions/00G-R01/COMPUTABILITY_AND_ORACLE_PLAN.md,Conservar soporte acotado y límites; no declarar independencia por relectura de Codex.,research/ecosystem-awareness/baseline/reductions/00G-R01/oracle/README_VNext.md,research/ecosystem-awareness/baseline/reductions/00G-R01/oracle/README.md,282d97ed967898a086303927872fbdfcaf37dd70,1,0,No
28,Propósito del oráculo antes de la atribución,Pendiente de decisión,Siguiente,Medio,Bajo,Bajo,4 — Lectura humana y rutas,Candidato para revisión documental concreta,Si,"Que una persona entienda entrada, evaluación y resultado antes de fuentes técnicas.",La apertura debe concordar con el modo del instrumento y no parecer servicio desplegado.,Un párrafo y cotejo con interfaces actuales.,research/ecosystem-awareness/baseline/reductions/00G-R01/oracle/README.md; research/ecosystem-awareness/baseline/reductions/00G-R01/oracle/TRACE_CONTRACT.md,Mantener estado limited implementation y límites del lote.,research/ecosystem-awareness/baseline/reductions/00G-R01/oracle/README_VNext.md,research/ecosystem-awareness/baseline/reductions/00G-R01/oracle/README.md,282d97ed967898a086303927872fbdfcaf37dd70,1,0,No
29,"Distinguir modo, efectos y métricas antes de reproducir",Pendiente de decisión,Siguiente,Alto,Medio,Medio,4 — Lectura humana y rutas,Candidato para revisión documental concreta,Si,"Que una instrucción de reproducción no confunda intento, efecto y aceptación.",El texto puede prometer métricas o aislamiento que el runner no produce; datos instrumentales no son costes reales.,Leer contrato/mode y etiquetas de salida del instrumento; ninguna ejecución de programa.,research/ecosystem-awareness/baseline/reductions/00G-R01/oracle/README.md; research/ecosystem-awareness/baseline/reductions/00G-R01/oracle/TRACE_CONTRACT.md; research/ecosystem-awareness/baseline/reductions/00G-R01/oracle/ISOLATION_CONTRACT.md,Confirmar correspondencia documental con los modos; evitar nueva autorización de ejecución implícita.,research/ecosystem-awareness/baseline/reductions/00G-R01/oracle/README_VNext.md,research/ecosystem-awareness/baseline/reductions/00G-R01/oracle/README.md,282d97ed967898a086303927872fbdfcaf37dd70,1,0,No
30,Convertir referencias propias en rutas navegables,Pendiente de decisión,Después,Medio,Bajo,Bajo,4 — Lectura humana y rutas,Candidato para revisión documental concreta,Si,Que el lector abra la fuente correcta desde Corpus reuse.,Enlaces y versiones pueden quedar viejos; ruta existente no demuestra conservación semántica.,Cuatro enlaces y comprobar destinos fijados.,research/ecosystem-awareness/baseline/fixtures/00G-HF-ORACLE-v0.4/README.md; research/ecosystem-awareness/baseline/00D_A01_REFERENCE_SCENARIO_TEST_ARTIFACTS_AND_BOUNDED_ORACLE_CONSTRUCTION_AND_TEST_DESIGN_v0.1.md; research/ecosystem-awareness/baseline/00D_A03_RS_00E_Q1A_STAGE_0_DETERMINISTIC_HARNESS_DESIGN_v0.1.md,Mantener atribución y límites de cada origen.,research/ecosystem-awareness/baseline/reductions/00G-R01/oracle/README_VNext.md,research/ecosystem-awareness/baseline/reductions/00G-R01/oracle/README.md,282d97ed967898a086303927872fbdfcaf37dd70,1,0,No
31,Reporte Theme21 distinto de reproducción propia,Pendiente de decisión,Primera,Alto,Bajo,Bajo,1 — Claridad de evidencia y estado,Candidato para revisión documental concreta,Si,Que consulta de cifras no se lea como validación independiente del dataset.,Un reporte puede ser editado o corregido después; la precisión debe conservar el corte y honest-judges/no-ground-truth.,Una frase de la VNext y cotejo del reporte fijado; no reproducir dataset.,research/ecosystem-awareness/fg-tida/interfaces/05A_FG_TIDA_CURRENT_STATE_CONFORMANCE_BRIDGE_VNEXT_REVIEW_AND_DELTA_v0.1_DRAFT.md,Fechar evidencia y conservar nivel contributor-reported/E4.,research/ecosystem-awareness/fg-tida/interfaces/05A_FG_TIDA_CURRENT_STATE_CONFORMANCE_BRIDGE_VNEXT_REVIEW_AND_DELTA_v0.1_DRAFT.md,research/ecosystem-awareness/fg-tida/interfaces/05A_FG_TIDA_CURRENT_STATE_CONFORMANCE_BRIDGE_VNEXT_REVIEW_AND_DELTA_v0.1_DRAFT.md,814e9843e237f42b3e1fe26db0a4d3ad41fe2a9c,1,0,No
32,Fecha y versión de fuente para promociones 05A,Pendiente de decisión,Primera,Alto,Bajo,Bajo,1 — Claridad de evidencia y estado,Candidato para revisión documental concreta,Si,Hacer reconstructible qué fuente mutable sustentó una relación Current.,"Si no hay revisionId, inventarlo falsearía procedencia; una fecha no garantiza inmutabilidad.","Una regla de ficha y aplicación futura por fila, sin nuevo campo de payload.",research/ecosystem-awareness/fg-tida/interfaces/05A_FG_TIDA_CURRENT_STATE_CONFORMANCE_BRIDGE_VNEXT_REVIEW_AND_DELTA_v0.1_DRAFT.md; research/ecosystem-awareness/fg-tida/interfaces/05_FG_TIDA_IDEAL_CROSS_THEME_INTERFACE_CONTRACTS_VNEXT_REVIEW_AND_DELTA_v0.1_DRAFT.md,Registrar limitación si proveedor no ofrece pin; no renovar todo Current por una consulta parcial.,research/ecosystem-awareness/fg-tida/interfaces/05A_FG_TIDA_CURRENT_STATE_CONFORMANCE_BRIDGE_VNEXT_REVIEW_AND_DELTA_v0.1_DRAFT.md,research/ecosystem-awareness/fg-tida/interfaces/05A_FG_TIDA_CURRENT_STATE_CONFORMANCE_BRIDGE_VNEXT_REVIEW_AND_DELTA_v0.1_DRAFT.md,814e9843e237f42b3e1fe26db0a4d3ad41fe2a9c,1,0,No
33,Reconocer 00I como escenario interno en 05,Pendiente de decisión,Siguiente,Medio,Medio,Medio,1 — Claridad de evidencia y estado,Completar comprobaciones específicas antes de decisión,No,Corregir la contradicción committed/future sin convertir 00I en use case FG.,Una celda actualizada deja contradictorios §§6/8/10A/18 y 05A; el mapping a UC6 sigue sin probar.,"Revisión de varios pasajes y puente con 04/05A, preservar material histórico.",research/ecosystem-awareness/baseline/00I_FAILURE_MODE_SEMANTIC_TOCTOU_v0.5_FREEZE_EDITION.md; research/ecosystem-awareness/baseline/04_GENERAL_FUNCTIONAL_INTERFACES_AGENTIC_SECURITY_VNEXT_REVIEW_AND_DELTA_v0.1_DRAFT.md; research/ecosystem-awareness/fg-tida/interfaces/05_FG_TIDA_IDEAL_CROSS_THEME_INTERFACE_CONTRACTS_VNEXT_REVIEW_AND_DELTA_v0.1_DRAFT.md; research/ecosystem-awareness/fg-tida/interfaces/05A_FG_TIDA_CURRENT_STATE_CONFORMANCE_BRIDGE_VNEXT_REVIEW_AND_DELTA_v0.1_DRAFT.md,Decidir conjuntamente con 18; completar antes/después de otros pasajes afectados.,research/ecosystem-awareness/fg-tida/interfaces/05_FG_TIDA_IDEAL_CROSS_THEME_INTERFACE_CONTRACTS_VNEXT_REVIEW_AND_DELTA_v0.1_DRAFT.md,research/ecosystem-awareness/fg-tida/interfaces/05_FG_TIDA_IDEAL_CROSS_THEME_INTERFACE_CONTRACTS_VNEXT_REVIEW_AND_DELTA_v0.1_DRAFT.md,dea87c75816959f6749c6922e1e9a9b2c3cfd013,1,0,No
34,"Dos peers como propuesta, no arquitectura FG adoptada",Pendiente de decisión,Primera,Alto,Medio,Medio,1 — Claridad de evidencia y estado,Completar comprobaciones específicas antes de decisión,No,"Conservar la diferencia entre placement, proceso de revisión y confirmación arquitectónica.",La declaración podría quedar anticuada por fuente posterior no leída; los owners de otros Themes no se adquieren por silencio.,Consultar los pins usados y buscar cambios relevantes antes de decidir wording; no outreach.,research/ecosystem-awareness/fg-tida/interfaces/05_FG_TIDA_IDEAL_CROSS_THEME_INTERFACE_CONTRACTS_VNEXT_REVIEW_AND_DELTA_v0.1_DRAFT.md; research/ecosystem-awareness/fg-tida/interfaces/05A_FG_TIDA_CURRENT_STATE_CONFORMANCE_BRIDGE_VNEXT_REVIEW_AND_DELTA_v0.1_DRAFT.md,Mantener reserva de fuentes no revisadas; actualizar con evidencia si hubo confirmación posterior.,research/ecosystem-awareness/fg-tida/interfaces/05_FG_TIDA_IDEAL_CROSS_THEME_INTERFACE_CONTRACTS_VNEXT_REVIEW_AND_DELTA_v0.1_DRAFT.md,research/ecosystem-awareness/fg-tida/interfaces/05_FG_TIDA_IDEAL_CROSS_THEME_INTERFACE_CONTRACTS_VNEXT_REVIEW_AND_DELTA_v0.1_DRAFT.md,dea87c75816959f6749c6922e1e9a9b2c3cfd013,1,0,No
35,Conciliar los cuatro roles RA en su README,Pendiente de decisión,Primera,Alto,Alto,Medio,"2 — Coherencia entre RA, EA y MSCA",Conciliar contrato y consumidores,No,"Que B sea soporte/reserva, C exploración y D barrera efectiva, sin confundir UNKNOWN.","Cambiar solo el resumen puede dejar Operation, Cartografía, perfiles y lectores con otra interpretación; campos con mismo nombre no garantizan compatibilidad.","Revisión coordinada de productor y consumidores, antes/después y significado recibido.",research/ecosystem-awareness/baseline/00M_ABCD_AND_MATHEMATICAL_PLAUSIBILITY_v0.8_RESEARCH_NOTE.md; research/ecosystem-awareness/baseline/01C_EA_REGIME_AWARENESS_INTERFACE_ANNEX_v0.2.md; research/regime-awareness/README.md; standards/minimum-sufficient-control/03_MSCA_ECOSYSTEM_COMPOSITION_AND_CONTROL.md; standards/minimum-sufficient-control/04_CANONICAL_MSCA_OPERATION_AND_REPOSITIONING.md; research/ecosystem-awareness/baseline/01D_EA_MSCA_RA_OPERATION_COMPOSITION_PROFILE_v0.1.md; research/ecosystem-awareness/baseline/01J_ECOSYSTEM_SIGNALLING_SELECTIVE_DISCLOSURE_AND_CHOREOGRAPHED_REPOSITIONING_v0.1.md,Decidir con 37/38 y correspondencia 17; no renombrar payload ni autoridad.,research/regime-awareness/README_VNext.md,research/regime-awareness/README.md,f021454aeb8359da468dbe4a2725851cce9c4d01,1,0,No
36,Acceso a trabajo adicional desde EWS,Ya publicado,Histórico,Medio,Bajo,No nuevo,Histórico,Fuera de tandas pendientes,No,Separar contexto/revisión adicional de detector validado.,Duplicar el enlace ya publicado crea otra ruta aparente.,Ya publicado y verificado; solo mantener vínculo.,research/regime-awareness/ADDITIONAL_WORK_README.md,No volver a ejecutar.,research/regime-awareness/README_VNext.md,research/regime-awareness/minimalistic-early-warning-systems/README.md,8e24a311bb7c7a89a29df15909961e6ecf6967f1,1,0,No
37,Conservar significado RA al entrar en Operation,Pendiente de decisión,Primera,Alto,Alto,Medio,"2 — Coherencia entre RA, EA y MSCA",Conciliar contrato y consumidores,No,Que el consumidor reciba la semántica y condiciones del productor.,Cambiar entrada puede alterar decisiones esperadas o interpretación histórica; un resumen más largo no prueba equivalencia de ejecución.,"Cotejar 01C, RA, 03, 04, 01D y perfiles; ningún nuevo resultado runtime.",research/ecosystem-awareness/baseline/00M_ABCD_AND_MATHEMATICAL_PLAUSIBILITY_v0.8_RESEARCH_NOTE.md; research/ecosystem-awareness/baseline/01C_EA_REGIME_AWARENESS_INTERFACE_ANNEX_v0.2.md; research/regime-awareness/README.md; standards/minimum-sufficient-control/03_MSCA_ECOSYSTEM_COMPOSITION_AND_CONTROL.md; standards/minimum-sufficient-control/04_CANONICAL_MSCA_OPERATION_AND_REPOSITIONING.md; research/ecosystem-awareness/baseline/01D_EA_MSCA_RA_OPERATION_COMPOSITION_PROFILE_v0.1.md; research/ecosystem-awareness/baseline/01J_ECOSYSTEM_SIGNALLING_SELECTIVE_DISCLOSURE_AND_CHOREOGRAPHED_REPOSITIONING_v0.1.md,"Tanda conjunta con 35/38, mantener scopes/versión/freshness y revisar consumidores.",standards/minimum-sufficient-control/04_OPERATION_VNext.md,standards/minimum-sufficient-control/04_CANONICAL_MSCA_OPERATION_AND_REPOSITIONING.md,88a4ea7e1eec2c9f2b3f2dbe0d15f64087e1265c,1,0,No
38,Mostrar todo B_Cart en el índice MSCA,Pendiente de decisión,Primera,Alto,Medio,Medio,"2 — Coherencia entre RA, EA y MSCA",Conciliar contrato y consumidores,No,Que la tabla no reduzca B a confianza numérica.,Otros resúmenes o consumers pueden continuar con confidence-only; el cambio debe referir 03 sin añadir campos obligatorios.,Una celda y lectura cruzada de 03/04/EA/RA.,research/ecosystem-awareness/baseline/00M_ABCD_AND_MATHEMATICAL_PLAUSIBILITY_v0.8_RESEARCH_NOTE.md; research/ecosystem-awareness/baseline/01C_EA_REGIME_AWARENESS_INTERFACE_ANNEX_v0.2.md; research/regime-awareness/README.md; standards/minimum-sufficient-control/03_MSCA_ECOSYSTEM_COMPOSITION_AND_CONTROL.md; standards/minimum-sufficient-control/04_CANONICAL_MSCA_OPERATION_AND_REPOSITIONING.md; research/ecosystem-awareness/baseline/01D_EA_MSCA_RA_OPERATION_COMPOSITION_PROFILE_v0.1.md; research/ecosystem-awareness/baseline/01J_ECOSYSTEM_SIGNALLING_SELECTIVE_DISCLOSURE_AND_CHOREOGRAPHED_REPOSITIONING_v0.1.md,Coordinar con 35/37 y conservar el contrato existente.,standards/minimum-sufficient-control/README_VNext.md,standards/minimum-sufficient-control/README.md,0cbbec3e934e25cfcd4e0e79f92fb5d3ab491605,1,0,No
39,Acceso a trabajo adicional desde MSCA,Ya publicado,Histórico,Medio,Bajo,No nuevo,Histórico,Fuera de tandas pendientes,No,"Distinguir notas de dominio, historia y especificación vigente.",Duplicar el bloque confunde lectura canónica y adicional.,Publicado y verificado; no nueva incorporación.,standards/minimum-sufficient-control/ADDITIONAL_WORK_README.md,No volver a ejecutar.,standards/minimum-sufficient-control/README_VNext.md,standards/minimum-sufficient-control/README.md,0cbbec3e934e25cfcd4e0e79f92fb5d3ab491605,1,0,No
40,Tabla W1 presente distinta de todos los gates cerrados,Pendiente de decisión,Primera,Alto,Medio,Bajo,1 — Claridad de evidencia y estado,Completar comprobaciones específicas antes de decisión,No,Que una entrega de mapping no parezca adopción/validación de benchmark v0.3.,Corregir solo §12 deja estados desfasados en §§4/9/13/WORKPLAN; gates pendientes no se cumplen al redactarlos.,Una precisión y revisar estado documental en cuatro lugares.,research/ecosystem-awareness/baseline/00D_CANONICAL_ARCHITECTURE_BENCHMARK_v0.3_DRAFT_ECOSYSTEM_POSITIONING.md; research/ecosystem-awareness/baseline/00_REQUIREMENTS_VNEXT_REVIEW_AND_DELTA_v0.1_DRAFT.md; research/ecosystem-awareness/WORKPLAN.md; research/ecosystem-awareness/baseline/fixtures/RS-00E-Q1a/pre_registration_v0.5.md,No promover v0.3 ni cerrar bibliografía/comparadores/fixtures; completar pares de los otros estados si requieren edición.,research/ecosystem-awareness/baseline/00D_CANONICAL_ARCHITECTURE_BENCHMARK_v0.3_DRAFT_ECOSYSTEM_POSITIONING.md,research/ecosystem-awareness/baseline/00D_CANONICAL_ARCHITECTURE_BENCHMARK_v0.3_DRAFT_ECOSYSTEM_POSITIONING.md,34720bc29438b51b733dcb233102869c52abf695,1,0,No
41,Fijar admisión antes de ver resultados y conservar fallos,Pendiente de decisión,Primera,Alto,Alto,Alto,3 — Contratos y protocolo de evaluación,Conciliar contrato y consumidores,No,Evitar descartar retrospectivamente resultados adversos bajo non-conforming.,"Afecta protocolo, denominadores, estados y dueño de adjudicación; no cambia resultados congelados ni limpia pérdidas del candidato.",Adjudicación del protocolo y revisión de varios tipos de fallo antes de freeze; no ejecutar experimentos ahora.,research/ecosystem-awareness/baseline/00D_CANONICAL_ARCHITECTURE_BENCHMARK_v0.3_DRAFT_ECOSYSTEM_POSITIONING.md; research/ecosystem-awareness/baseline/00_REQUIREMENTS_VNEXT_REVIEW_AND_DELTA_v0.1_DRAFT.md; research/ecosystem-awareness/WORKPLAN.md; research/ecosystem-awareness/baseline/fixtures/RS-00E-Q1a/pre_registration_v0.5.md,"Protocolo preregistrado, owners y tratamiento de run admitido fallido, timeout/datos ausentes y fallo del comparador.",research/ecosystem-awareness/baseline/00D_CANONICAL_ARCHITECTURE_BENCHMARK_v0.3_DRAFT_ECOSYSTEM_POSITIONING.md,research/ecosystem-awareness/baseline/00D_CANONICAL_ARCHITECTURE_BENCHMARK_v0.3_DRAFT_ECOSYSTEM_POSITIONING.md,34720bc29438b51b733dcb233102869c52abf695,1,0,No
42,Justificar medida de información antes de usar sinergia,Pendiente de decisión,Siguiente,Medio,Medio,Medio,4 — Lectura humana y rutas,Preparar ficha o successor preservando fuente,No,Dar antecedente primario para por qué sinergia no tiene una medida universal transferible.,Añadir una referencia no selecciona automáticamente una medida correcta; perfiles/métricas pueden interpretar sinergia de modos distintos.,Verificar referencia y coherencia con §2.3/00M/métricas que la consuman; sin cálculo nuevo.,research/ecosystem-awareness/baseline/00N_FROM_MECHANISM_TO_REQUIREMENTS_SCIENTIFIC_PLAUSIBILITY_v0.7_RESEARCH_NOTE.md; research/ecosystem-awareness/baseline/00M_ABCD_AND_MATHEMATICAL_PLAUSIBILITY_v0.8_RESEARCH_NOTE.md,Conservar edición fijada y separar elección de medida de evidencia operacional.,research/ecosystem-awareness/baseline/00N_VNext.md,research/ecosystem-awareness/baseline/00N_FROM_MECHANISM_TO_REQUIREMENTS_SCIENTIFIC_PLAUSIBILITY_v0.7_RESEARCH_NOTE.md,b4e011d8e0d9a5beb8258ca572e504520140c883,1,0,No
43,Precisar rol efectivo frente a rol vinculado,Por concretar; sin par literal,Primera,Alto,Alto,Alto,"2 — Coherencia entre RA, EA y MSCA",Trabajo de preparación; no cambio ejecutable,No,Detectar deriva funcional sin convertir conducta o capacidad en autoridad.,Puede ampliar S7/S10/S12/S13 y reinterpretar trazas previas; la observación no prueba legitimidad.,Acordar obligación versus aclaración y fuente/consumidores; redactar antes/después de una edición futura.,research/ecosystem-awareness/baseline/00M_ABCD_AND_MATHEMATICAL_PLAUSIBILITY_v0.8_RESEARCH_NOTE.md; research/ecosystem-awareness/baseline/01C_EA_REGIME_AWARENESS_INTERFACE_ANNEX_v0.2.md; research/regime-awareness/README.md; standards/minimum-sufficient-control/03_MSCA_ECOSYSTEM_COMPOSITION_AND_CONTROL.md; standards/minimum-sufficient-control/04_CANONICAL_MSCA_OPERATION_AND_REPOSITIONING.md; research/ecosystem-awareness/baseline/01D_EA_MSCA_RA_OPERATION_COMPOSITION_PROFILE_v0.1.md; research/ecosystem-awareness/baseline/01J_ECOSYSTEM_SIGNALLING_SELECTIVE_DISCLOSURE_AND_CHOREOGRAPHED_REPOSITIONING_v0.1.md,CAND-R1 no tiene aún par de cambio del Requirements congelado; no crear S15 por reflejo.,research/ecosystem-awareness/baseline/00_REQUIREMENTS_VNEXT_REVIEW_AND_DELTA_v0.1_DRAFT.md,research/ecosystem-awareness/baseline/00_REQUIREMENTS_VNEXT_REVIEW_AND_DELTA_v0.1_DRAFT.md,a8ebfc8abe61fb569a658c722bcb714371f1693d,Sin par literal,Sin par literal,No
44,"Hacer visible oportunidad, admisibilidad, autoridad y ejecución",Por concretar; sin par literal,Siguiente,Medio,Medio,Medio,4 — Lectura humana y rutas,Trabajo de preparación; no cambio ejecutable,No,Mostrar una separación ya distribuida en los requisitos.,Podría introducir una capa universal o confundir la ilustración con un nuevo requisito/permiso.,Una ayuda de lectura y cotejo S/T/00H; elegir ficha o futura edición.,research/ecosystem-awareness/baseline/00_CANONICAL_REQUIREMENTS_CHALLENGES_SUFFICIENCY_HYPOTHESES_KPIS.md; research/ecosystem-awareness/baseline/00H_FAILURE_MODE_BATCH_OPPORTUNITY_BEYOND_AUTHORITY_v0.5_DRAFT.md,Preparar un antes/después completo; no nuevo T5 ni adopción automática.,research/ecosystem-awareness/baseline/00_REQUIREMENTS_VNEXT_REVIEW_AND_DELTA_v0.1_DRAFT.md,research/ecosystem-awareness/baseline/00_REQUIREMENTS_VNEXT_REVIEW_AND_DELTA_v0.1_DRAFT.md,a8ebfc8abe61fb569a658c722bcb714371f1693d,Sin par literal,Sin par literal,No
45,Aclarar autorización del efecto compuesto,Por concretar; sin par literal,Primera,Alto,Alto,Alto,3 — Contratos y protocolo de evaluación,Trabajo de preparación; no cambio ejecutable,No,Evitar que autorizaciones atómicas legitimen una campaña fuera del grant.,Elegir agregación universal o ledger central puede cambiar autoridad y scopes de otras ramas; el dueño legítimo fija la frontera.,"Precisar unidad material, conservar S/T y probar correspondencia de casos antes de una edición.",research/ecosystem-awareness/baseline/00_CANONICAL_REQUIREMENTS_CHALLENGES_SUFFICIENCY_HYPOTHESES_KPIS.md; research/ecosystem-awareness/baseline/00H_FAILURE_MODE_BATCH_OPPORTUNITY_BEYOND_AUTHORITY_v0.5_DRAFT.md,"CAND-R3 todavía sin par literal; no imponer ventana, ledger ni nueva familia.",research/ecosystem-awareness/baseline/00_REQUIREMENTS_VNEXT_REVIEW_AND_DELTA_v0.1_DRAFT.md,research/ecosystem-awareness/baseline/00_REQUIREMENTS_VNEXT_REVIEW_AND_DELTA_v0.1_DRAFT.md,a8ebfc8abe61fb569a658c722bcb714371f1693d,Sin par literal,Sin par literal,No
46,Preparar envolvente UC4 y sidecar R01,Por concretar; sin par literal,Primera,Alto,Alto,Alto,3 — Contratos y protocolo de evaluación,Trabajo de preparación; no cambio ejecutable,No,Hacer revisable la correspondencia completa con UC4.,Confundir sidecar con experiment.json o validator-pass con admisión; contrato externo/versiones pueden cambiar.,"Mapping/ejemplo completo, validador fijado y preguntas de owner; coste externo aún no estimable.",research/ecosystem-awareness/baseline/reductions/00G-R01/oracle/UC4_INTEROPERABILITY_PROFILE.md; research/ecosystem-awareness/baseline/reductions/00G-R01/oracle/NELSON_BASELINE_IMPORT.md,Paso 3 pendiente: no validator ejecutado ni comunicación autorizada por esta prioridad.,research/ecosystem-awareness/baseline/reductions/00G-R01/oracle/README_VNext.md,research/ecosystem-awareness/baseline/reductions/00G-R01/oracle/README_VNext.md,b6a7c667ae31059fe29183381ee607df2c2c53e1,Sin par literal,Sin par literal,No
47,Diseñar primer perfil propio de instrumento,Por concretar; sin par literal,Siguiente,Alto,Alto,Alto,3 — Contratos y protocolo de evaluación,Trabajo de preparación; no cambio ejecutable,No,Comprobar una conservación de predicados en un dominio pequeño antes de extender.,"Un adapter puede perder verdad, operación o efecto y mezclar resultados históricos; controles verdes no lo justifican solos.","Perfil/adaptador acotado, correspondencia y controles; ingeniería/ejecución fuera de esta revisión.",research/ecosystem-awareness/baseline/reductions/00G-R01/oracle/README.md; research/ecosystem-awareness/baseline/fixtures/00I-STATEFUL/README.md; research/ecosystem-awareness/baseline/fixtures/RS-00E-Q1a/README.md,Depende de la matriz de tareas 1/2 y paquete del paso 3; registrar alcance antes de desarrollo.,research/ecosystem-awareness/baseline/reductions/00G-R01/oracle/README_VNext.md,research/ecosystem-awareness/baseline/reductions/00G-R01/oracle/README_VNext.md,b6a7c667ae31059fe29183381ee607df2c2c53e1,Sin par literal,Sin par literal,No
48,Completar fidelidad del evaluador en perfil admitido,Por concretar; sin par literal,Primera,Alto,Alto,Alto,3 — Contratos y protocolo de evaluación,Trabajo de preparación; no cambio ejecutable,No,Evitar que un instrumento evalúe otra pregunta o compare costes incompatibles.,Ampliar fidelidad más allá del dominio o atribuir independencia al mismo autor sesga el comparador.,"Cláusula–predicado–referencia–control, ledger y revisión que falte; calendario externo desconocido.",research/ecosystem-awareness/baseline/reductions/00G-R01/oracle/README.md; research/ecosystem-awareness/baseline/reductions/00G-R01/COMPUTABILITY_AND_ORACLE_PLAN.md,M16/M17/P08 y dominio fijado; no asignar revisión externa ni repetir pruebas existentes aquí.,research/ecosystem-awareness/baseline/reductions/00G-R01/oracle/README_VNext.md,research/ecosystem-awareness/baseline/reductions/00G-R01/oracle/README_VNext.md,b6a7c667ae31059fe29183381ee607df2c2c53e1,Sin par literal,Sin par literal,No
49,Extender solo lo necesario a otras familias,Por concretar; sin par literal,Después,Medio,Alto,Alto,3 — Contratos y protocolo de evaluación,Trabajo de preparación; no cambio ejecutable,No,Reutilizar una propiedad necesaria sin empezar otro instrumento.,"Scope creep, duplicación de campañas y trasvase de resultados de 00L/C3/00G-HF; versiones divergen.","Perfiles/versiones y controles por familia, después del piloto; no estimar coste global sin elegir necesidad.",research/ecosystem-awareness/baseline/00L_REINFORCED_PAPER_TRAVERSALS_00E_00J_v0.1/README.md; research/ecosystem-awareness/baseline/fixtures/00G-HF-ORACLE-v0.4/README.md; research/ecosystem-awareness/baseline/reductions/00G-R01/oracle/README.md,Condicionado a una propiedad requerida por el perfil y a fidelidad; no expansión automática.,research/ecosystem-awareness/baseline/reductions/00G-R01/oracle/README_VNext.md,research/ecosystem-awareness/baseline/reductions/00G-R01/oracle/README_VNext.md,b6a7c667ae31059fe29183381ee607df2c2c53e1,Sin par literal,Sin par literal,No
50,Registrar una campaña concreta,Por concretar; sin par literal,Después,Alto,Alto,No estimable todavía,3 — Contratos y protocolo de evaluación,Trabajo de preparación; no cambio ejecutable,No,"Fijar comparadores, recursos, fallos y parada antes de observar resultados.",Registro mal planteado puede sesgar la comparación o reabrir un trabajo abortado.,"Depende de tecnología, alcance, fuente/modelo y revisión humana elegidos; sin importe ni horas inventados.",research/ecosystem-awareness/baseline/reductions/00G-R01/feasibility/WORKPLAN.md; research/ecosystem-awareness/baseline/reductions/00G-R01/oracle/README.md,C02/perfil admitido y mandato de campaña. No activa C11 ni experimentos por aparecer en el ranking.,research/ecosystem-awareness/baseline/reductions/00G-R01/oracle/README_VNext.md,research/ecosystem-awareness/baseline/reductions/00G-R01/oracle/README_VNext.md,b6a7c667ae31059fe29183381ee607df2c2c53e1,Sin par literal,Sin par literal,No
51,Evaluar una realización real elegida,Por concretar; sin par literal,Después,Alto,Alto,No estimable todavía,3 — Contratos y protocolo de evaluación,Trabajo de preparación; no cambio ejecutable,No,Producir evidencia real en vez de transferir self-test de instrumento.,"Aislamiento, capacidad humana, comparadores, coste real y recursos pueden invalidar la interpretación.",No estimable sin realización/configuración y autorización; presupuesto y disponibilidad no asumidos.,research/ecosystem-awareness/baseline/reductions/00G-R01/feasibility/WORKPLAN.md; research/ecosystem-awareness/baseline/reductions/00G-R01/oracle/ISOLATION_CONTRACT.md,"T03/M13/C11 y alcance explícito; no ejecución, envío o reactivación de campaña abortada.",research/ecosystem-awareness/baseline/reductions/00G-R01/oracle/README_VNext.md,research/ecosystem-awareness/baseline/reductions/00G-R01/oracle/README_VNext.md,b6a7c667ae31059fe29183381ee607df2c2c53e1,Sin par literal,Sin par literal,No
