unique_vnext_path	predecessor_blob	fifth_pass_status	document_question	actual_progress	corpus_snapshot
architectural-contributions/ecosystem-positioning/README_VNext.md	778ad7a5ce7e577cfa3878ed8e0c7221a87d34f1	Required after four passes; specific comparison pending	Comparar la composición del conjunto con arquitecturas externas de confianza, autorización, evaluación y coordinación. Identificar qué ya resuelven los vecinos y si el beneficio alegado depende de una integración efectivamente distinta, con la misma tarea, autoridad, recursos y plazo.	Preparatory focus only	fdb530e739a7647d70ab258071d03f1941844c6a
research/ecosystem-awareness/README_VNext.md	30c12dda4878f147c4ef0af108af367bd7e3361b	Required after four passes; specific comparison pending	Examinar qué trabajos externos cubren calificación de evidencia, dependencia, memoria y decisiones bajo contexto cambiante; revisar qué avances posteriores deben figurar en las rutas de lectura y qué límites debe mostrar una entrada humana.	Preparatory focus only	fdb530e739a7647d70ab258071d03f1941844c6a
research/ecosystem-awareness/baseline/00M_A01_VNext.md	2f025b1be8298cadfcfbbfa338dac7c460f1cb37	Required after four passes; specific comparison pending	Comparar la trazabilidad mecanismo–función–requisito con métodos externos de conservación y verificación. Comprobar que las correspondencias aporten información revisable y no atribuyan un resultado operativo a una semejanza de vocabulario.	Preparatory focus only	fdb530e739a7647d70ab258071d03f1941844c6a
research/ecosystem-awareness/baseline/00M_VNext.md	2a3515d582f040e8456c4871d8cf16eb122f3f8c	Required after four passes; specific comparison pending	Buscar formalizaciones alternativas de abstracción, composición, correspondencia de scopes y calificación parcial. Identificar construcciones reutilizables y cuáles de sus premisas y preguntas son distintas de los roles A/B/C/D de este documento.	Preparatory source contrast recorded; not closed	fdb530e739a7647d70ab258071d03f1941844c6a
research/ecosystem-awareness/baseline/00N_ADDENDUM_VNext.md	e494cca47dec523b478d10fcb5f3e296ba4efaef	Required after four passes; specific comparison pending	Actualizar los vecinos intelectuales y experimentales, incluida evidencia posterior sobre ubicación de conocimiento/capacidad. Separar mejora de acceso, uso de información y resultado final; localizar métodos comparativos reutilizables con sus límites.	Preparatory focus only	fdb530e739a7647d70ab258071d03f1941844c6a
research/ecosystem-awareness/baseline/00N_VNext.md	2e9e3e875bba542bc025287ba22897b56ca2a7f6	Required after four passes; specific comparison pending	Comparar la utilidad condicional del mecanismo con realizaciones externas que preservan origen, restricciones o acceso a conocimiento. Examinar si la ventaja propuesta sigue sin cubrirse en una coordinación competente y qué soporte nuevo podría matizar sus afirmaciones.	Preparatory focus only	fdb530e739a7647d70ab258071d03f1941844c6a
research/ecosystem-awareness/baseline/00_REQUIREMENTS_VNEXT_REVIEW_AND_DELTA_v0.1_DRAFT.md	6f4db8e9dbf74899f9e9623b6df453c5da06c7af	Required after four passes; specific comparison pending	Contrastar obligaciones de evidencia, autoridad, contexto y capacidad con especificaciones y trabajos externos. Distinguir cobertura equivalente, laguna real y regla propia de una solución; no alterar la base para proteger un diferencial.	Preparatory focus only	fdb530e739a7647d70ab258071d03f1941844c6a
research/ecosystem-awareness/baseline/01C_VNext.md	ff08484929fc1e5f02208ddffad880b5f433fc88	Required after four passes; specific comparison pending	Revisar detectores, monitores de premisas y trabajos posteriores de warning/requalification. Comprobar qué observan, qué garantía tienen y qué mapping sería necesario para aportar un delta útil sin heredar suposiciones ajenas.	Preparatory focus only	fdb530e739a7647d70ab258071d03f1941844c6a
research/ecosystem-awareness/baseline/01D_VNext.md	0b8c69b4acdaae0de403a21b996c73a00249337e	Required after four passes; specific comparison pending	Comparar mecanismos externos de binding, contexto, autorización y evaluación conjunta. Identificar qué componentes ya pueden reutilizarse y qué contrato adicional exige que todos hablen de la misma operación y ventana útil.	Preparatory focus only	fdb530e739a7647d70ab258071d03f1941844c6a
research/ecosystem-awareness/baseline/04_GENERAL_FUNCTIONAL_INTERFACES_AGENTIC_SECURITY_VNEXT_REVIEW_AND_DELTA_v0.1_DRAFT.md	eda733802d64ea180ede30bfe2c8607c09bd89c4	Required after four passes; specific comparison pending	Contrastar interfaces generales con protocolos y planos de control actuales. Identificar qué transporte, estados y mecanismos de seguridad son reutilizables y qué semántica de calificación necesita un mapping explícito; no presentar una propuesta como protocolo desplegado.	Preparatory source contrast recorded; not closed	fdb530e739a7647d70ab258071d03f1941844c6a
research/ecosystem-awareness/baseline/README_VNext.md	5265c263decd034a8164c8f234fa7d4207e39c03	Required after four passes; specific comparison pending	Revisar la ruta externa de fundamentos, casos, interfaces y evidencia y su actualización. Mostrar al lector dónde un método es antecedente, alternativa o pieza aprovechable, sin crear nuevos niveles de README ni inflar evidencia.	Preparatory focus only	fdb530e739a7647d70ab258071d03f1941844c6a
research/ecosystem-awareness/baseline/UC-EA-03_VNext.md	37e2efb9d9e22df10e93a1f255d587a9c0414274	Required after four passes; specific comparison pending	Comparar supervisión humana y capacidad efectiva con trabajos y propuestas externas: información disponible, competencia, mandato, cola, plazo y efecto de aprobación. Identificar tareas o diseños de prueba aprovechables sin asumir humanos ilimitados o aprobación curativa.	Preparatory focus only	fdb530e739a7647d70ab258071d03f1941844c6a
research/ecosystem-awareness/fg-tida/interfaces/05A_FG_TIDA_CURRENT_STATE_CONFORMANCE_BRIDGE_VNEXT_REVIEW_AND_DELTA_v0.1_DRAFT.md	c964d8968146e4140a433633f12a6b105306c012	Required after four passes; specific comparison pending	Actualizar las propuestas, comentarios y materiales posteriores de FG-TIDA. Calificar qué llegó realmente a artefacto o prueba, qué campos siguen sin acuerdo y qué reutilización exige revisión del owner; una discusión no promueve una fila a contrato adoptado.	Preparatory focus only	fdb530e739a7647d70ab258071d03f1941844c6a
research/ecosystem-awareness/fg-tida/interfaces/05_FG_TIDA_IDEAL_CROSS_THEME_INTERFACE_CONTRACTS_VNEXT_REVIEW_AND_DELTA_v0.1_DRAFT.md	13aad2fa2922e358791cb5b418e2f76f35a7e80b	Required after four passes; specific comparison pending	Comparar el diseño ideal con necesidades y realizaciones de otros contributors y protocolos. Identificar coincidencia funcional y piezas reutilizables preservando propietarios, y devolver límites del estado público a 05A.	Preparatory focus only	fdb530e739a7647d70ab258071d03f1941844c6a
research/regime-awareness/README_VNext.md	acbb210d89959001593b939b6f50c84f351eb00a	Required after four passes; specific comparison pending	Ampliar la literatura de detección, contextualización y cambios de fundamento, con atención a desarrollos posteriores y sus supuestos. Identificar qué puede alimentar la rama RA y qué requeriría otras evidencias o fuentes.	Preparatory focus only	fdb530e739a7647d70ab258071d03f1941844c6a
standards/minimum-sufficient-control/04_OPERATION_VNext.md	38cbcbd21b78b667a3b6795ad236ac8d4e31517a	Required after four passes; specific comparison pending	Contrastar operación, autoridad vigente, cambio de rol, señalización y recuperación con arquitecturas externas de runtime y lifecycle. Mantener separados selección, permiso, ejecución y efecto al evaluar una pieza reutilizable.	Preparatory focus only	fdb530e739a7647d70ab258071d03f1941844c6a
standards/minimum-sufficient-control/README_VNext.md	7b7c081ff345e990cb8abba49b77063e2917886f	Required after four passes; specific comparison pending	Comparar suficiencia, objetivos, carga y control con arquitecturas y estándares externos. Identificar ingredientes aprovechables y límites de los óptimos o garantías; no atribuir novedad a disponer de estados o un lifecycle.	Preparatory focus only	fdb530e739a7647d70ab258071d03f1941844c6a
research/ecosystem-awareness/baseline/reductions/00G-R01/oracle/README_VNext.md	126cff114e6671249770e337f36dee0ba211787c	Required after four passes; specific comparison pending	Contrastar oráculos, known-answer controls, separación de observación/evaluación y métricas de utilidad con métodos externos. Identificar piezas reutilizables sin convertir acuerdo de implementaciones en independencia ni victoria en una campaña real.	Preparatory source contrast recorded; not closed	fdb530e739a7647d70ab258071d03f1941844c6a
research/ecosystem-awareness/baseline/reductions/00G-R01/COMPUTABILITY_AND_ORACLE_PLAN_VNext.md	e00269e34514e8b68555a445aee81f2554ee9536	Required after four passes; specific comparison pending	Examinar algoritmos y modelos externos de planificación, coste y verificación. Comprobar qué dominio cubren —incluidas dependencias, alternativas y ciclos— antes de reutilizar un óptimo o resultado de computabilidad.	Preparatory focus only	fdb530e739a7647d70ab258071d03f1941844c6a
research/ecosystem-awareness/baseline/reductions/00G-R01/Escenario-creatividad-validacion_VNext.md	e208251eae39eb47a1c4e7b89764be217e4f5611	Required after four passes; specific comparison pending	Contrastar exploración, validación y preservación de mandato con trabajos externos. Examinar las dos regiones del escenario bajo pares competentes y separar parecido con incidentes de una reducción o explicación causal validada.	Preparatory focus only	fdb530e739a7647d70ab258071d03f1941844c6a
research/ecosystem-awareness/baseline/reductions/00G-R01/oracle/UC4_INTEROPERABILITY_PROFILE_VNext.md	dd26a5f3de47457f9a6d86cdf772d094bd7d3f37	Required after four passes; specific comparison pending	Comparar el perfil local con el caso externo y sus actualizaciones, los contratos de otros contributors y las realizaciones accesibles. Revisar qué observaciones son intercambiables y qué correspondencia/admisión aún necesita prueba.	Preparatory focus only	fdb530e739a7647d70ab258071d03f1941844c6a
research/ecosystem-awareness/baseline/reductions/00G-R01/feasibility/partial-experiments/README_VNext.md	c607f2778ba54a2d98dc5f1eb7679738b6d5ec60	Required after four passes; specific comparison pending	Revisar métodos externos de evaluación progresiva y selección de pruebas parciales. Determinar qué instrumento o medición puede reutilizarse sin mezclar factibilidad demostrada, diseño de futuro experimento y comparación causal.	Preparatory focus only	fdb530e739a7647d70ab258071d03f1941844c6a
research/ecosystem-awareness/baseline/traversals/00G-HF-DYNAMIC-REVIEW-v0.1/README_VNext.md	26c4c860e2d6c7a8fe951bcdf51dec0abf670816	Required after four passes; specific comparison pending	Comparar revisión dinámica y renovaciones de evidencia con métodos externos de lifecycle, ventana de decisión y coste. Examinar si el vecino mide el mismo efecto y preserva controles positivos, plazo y autoridad.	Preparatory focus only	fdb530e739a7647d70ab258071d03f1941844c6a
research/ecosystem-awareness/baseline/00D_A01_REFERENCE_SCENARIO_TEST_ARTIFACTS_AND_BOUNDED_ORACLE_CONSTRUCTION_AND_TEST_DESIGN_v0.1_VNext.md	a2604b3b26fa3aa95fa80e20ac9b2d53cd38149b	Required after four passes; specific comparison pending	Contrastar diseño de fixtures, frozen facts y oráculos con métodos externos de evaluación y controles. Identificar prácticas aprovechables y qué parte de sus modelos/datasets no se transfiere al escenario.	Preparatory focus only	fdb530e739a7647d70ab258071d03f1941844c6a
research/ecosystem-awareness/baseline/00D_A03_RS_00E_Q1A_STAGE_0_DETERMINISTIC_HARNESS_DESIGN_v0.1_VNext.md	4fe0d66f9cf4adeba2b7d26e9aa59a8e144f03d8	Required after four passes; specific comparison pending	Comparar instrumentos deterministas, scoring y controles positivos/negativos con harness externos. Revisar interfaces y reproducción, y distinguir una medida del instrumento de un resultado de sistema.	Preparatory focus only	fdb530e739a7647d70ab258071d03f1941844c6a
research/ecosystem-awareness/baseline/00L_REINFORCED_PAPER_TRAVERSALS_00E_00J_v0.1/README_VNext.md	a99ecd64c84cb78443ac5a4ddaf2ee0c88433c8e	Required after four passes; specific comparison pending	Contrastar traversals, mutation controls y reproducción simbólica con métodos externos. Identificar lo reutilizable conservando el límite entre un ejemplo finito, prueba relativa y ejecución real.	Preparatory focus only	fdb530e739a7647d70ab258071d03f1941844c6a
research/ecosystem-awareness/baseline/fixtures/00G-HF-ORACLE-v0.4/README_VNext.md	2e11a6cf2eab6d63453d0ba66bc545d5f3889ba8	Required after four passes; specific comparison pending	Revisar métodos externos de oráculo y custodia de known answers frente al C3 congelado. La reutilización no altera el oracle ni su aislamiento; cualquier correspondencia nueva debe mantener el scope y controles originales.	Preparatory focus only	fdb530e739a7647d70ab258071d03f1941844c6a
research/ecosystem-awareness/baseline/fixtures/00I-STATEFUL/README_VNext.md	c402fd6955a3f17dc6dbf0622e1c07ed148c3c22	Required after four passes; specific comparison pending	Contrastar pruebas de estado, recheck y cambios entre calificación y ejecución con mecanismos externos. Identificar instrumentos reutilizables y la autoridad/versión temporal que cada modelo realmente conserva.	Preparatory focus only	fdb530e739a7647d70ab258071d03f1941844c6a
research/ecosystem-awareness/baseline/fixtures/00K-SUITE/README_VNext.md	2094ca1d43c1830c27b95d2c462436922fe8b0b5	Required after four passes; specific comparison pending	Comparar ablations, falsifiers y pruebas de necesidad/suficiencia con modelos y campañas externos. Separar cobertura finita de garantías amplias y comprobar que el par externo no reciba premisas o recursos diferentes.	Preparatory focus only	fdb530e739a7647d70ab258071d03f1941844c6a
research/ecosystem-awareness/baseline/fixtures/RS-00E-Q1a/README_VNext.md	30f530f52dc2c4c4445470cf26cb01e1d8d7b432	Required after four passes; specific comparison pending	Contrastar la familia de fixture y preregistro con diseños externos de instrumentación y reproducción. Seleccionar prácticas aprovechables sin importar datos, verdad de referencia o resultados de otro dominio.	Preparatory focus only	fdb530e739a7647d70ab258071d03f1941844c6a
research/ecosystem-awareness/baseline/00D_CANONICAL_ARCHITECTURE_BENCHMARK_v0.3_DRAFT_ECOSYSTEM_POSITIONING.md	7a19333e434ae9c51561e2efb28d2865a7d6e54c	Required after four passes; specific comparison pending	Comparar el contrato de benchmark y sus módulos con métodos, protocolos y evaluaciones externos. Evaluar qué ya cubre un peer competente, qué instrumento conviene reutilizar y qué diferencial requeriría evidencia comparable.	Preparatory focus only	fdb530e739a7647d70ab258071d03f1941844c6a
