Cambio,Titulo,Estado,Prioridad,Impacto esperado,Riesgo,Esfuerzo,Tanda,Preparacion,Candidato a revision documental,Beneficio esperado,Riesgo concreto,Coste de preparacion,Dependencias,Condicion antes de incorporar,VNext,Fuente,Blob fuente historico,Blob fuente actual cotejado,Texto viejo localizado en contexto,Texto despues presente en contexto,Autorizado a aplicar,Calidad del plan,Criterio de aceptacion,Cambios que deben leerse juntos
1,Nota de acceso a revisión de EP,Ya publicado,Histórico,Medio,Bajo,Bajo,Histórico,Ya publicado,No,Hacer visible el expediente de auditoría.,Repetir la nota ya publicada duplicaría la entrada del README.,No requiere nueva edición; mantener el vínculo.,governance/CORPUS_REVIEW_PROCEDURE_2026-10-06.md,No volver a ejecutar: el texto después está presente. Decisión concreta de Iván; fuente original actualmente de sólo lectura.,architectural-contributions/ecosystem-positioning/README_VNext.md,architectural-contributions/ecosystem-positioning/README.md,ed97dbe9f34758219863511717c4f237b48bedf3,641693f5a56e610fc1e76ae79ad41b96bd903f00,1,1,No,Ya publicado,No volver a ejecutar: el texto después está presente.,
2,Antigua propuesta de convertir EP en Level 4,Descartado,Histórico,No vigente,Alto,No procede,Histórico,Descartado,No,No se evalúa como beneficio actual: contradice los tres niveles canónicos acordados.,Reabrirla expandiría la jerarquía y confundiría los catálogos auxiliares con canon.,No invertir en ejecución; conservar la historia.,DOCUMENT_CONTROL.md,Retirada por la instrucción de tres niveles; los tres catálogos auxiliares no la reactivan. Decisión concreta de Iván; fuente original actualmente de sólo lectura.,architectural-contributions/ecosystem-positioning/README_VNext.md,architectural-contributions/ecosystem-positioning/README.md,ed97dbe9f34758219863511717c4f237b48bedf3,641693f5a56e610fc1e76ae79ad41b96bd903f00,1,0,No,Descartado,Retirada por la instrucción de tres niveles; los tres catálogos auxiliares no la reactivan.,
3,Explicar la idea central antes de elegir una ruta,Reformulado; alternativa conjunta 71,Siguiente,Medio,Medio,Bajo,4 — Lectura humana y rutas,Reformular,No,Dar a una persona una pregunta corriente antes de los índices.,La inserción literal propuesta toca el cuerpo EP protegido; el texto debe adaptarse a una adición al final y evitar repetición con la introducción.,Una explicación breve y comprobación de lectura; la adaptación de ubicación tiene que mostrarse antes/después.,architectural-contributions/ecosystem-positioning/README.md | architectural-contributions/ecosystem-positioning/DEVELOPMENT_STRATEGY.md,"Antes de decidir71, cotejar la explicación con 00M y los propietarios EA/RA/MSCA; conservar3 como historia. Decisión concreta de Iván; fuente original actualmente de sólo lectura.",architectural-contributions/ecosystem-positioning/README_VNext.md,architectural-contributions/ecosystem-positioning/README.md,ed97dbe9f34758219863511717c4f237b48bedf3,641693f5a56e610fc1e76ae79ad41b96bd903f00,1,0,No,Reformular,"Antes de decidir71, cotejar la explicación con 00M y los propietarios EA/RA/MSCA; conservar3 como historia.",71
4,Separar semántica actual y resultados históricos,Reformulado; alternativa conjunta 71,Primera,Alto,Medio,Medio,1 — Claridad de evidencia y estado,Reformular,No,Evitar que enlazar la nueva definición A/B/C/D parezca revalidar pruebas antiguas.,"Una precisión local puede dejar que otros README, decks o pruebas continúen amplificando el resultado; tampoco autoriza reescribir evidencia histórica.",Adición explicativa de EP y cotejo de notas 00M/00N y proof map; no repetir o modificar pruebas.,research/ecosystem-awareness/baseline/00M_VNext.md | research/ecosystem-awareness/baseline/00N_VNext.md | research/ecosystem-awareness/baseline/00K_A17_DOCUMENTATION_REPRODUCIBILITY_AND_PROOF_MAP_v0.1.md,"Verificar que71 no renueva pruebas, freezes ni adopción y que el texto previo completo permanece idéntico. Decisión concreta de Iván; fuente original actualmente de sólo lectura.",architectural-contributions/ecosystem-positioning/README_VNext.md,architectural-contributions/ecosystem-positioning/README.md,ed97dbe9f34758219863511717c4f237b48bedf3,641693f5a56e610fc1e76ae79ad41b96bd903f00,1,0,No,Reformular,"Verificar que71 no renueva pruebas, freezes ni adopción y que el texto previo completo permanece idéntico.",71
5,Distinguir principios P1–P6 y posturas P1–P3,Reformulado; alternativa conjunta 71,Siguiente,Medio,Medio,Bajo,4 — Lectura humana y rutas,Reformular,No,Impedir que una etiqueta de postura se lea como principio demostrado.,Cambiar IDs o solo una explicación dejaría referencias incompatibles; la inserción propuesta está en el cuerpo EP protegido.,Nota breve con lectura cruzada de Requirements y Operation; no renombrar etiquetas.,research/ecosystem-awareness/baseline/00_CANONICAL_REQUIREMENTS_CHALLENGES_SUFFICIENCY_HYPOTHESES_KPIS.md | standards/minimum-sufficient-control/04_CANONICAL_MSCA_OPERATION_AND_REPOSITIONING.md,Leer ambos usos deP y decidir la nota conjunta al final; ninguna renumeración. Decisión concreta de Iván; fuente original actualmente de sólo lectura.,architectural-contributions/ecosystem-positioning/README_VNext.md,architectural-contributions/ecosystem-positioning/README.md,ed97dbe9f34758219863511717c4f237b48bedf3,641693f5a56e610fc1e76ae79ad41b96bd903f00,1,0,No,Reformular,Leer ambos usos deP y decidir la nota conjunta al final; ninguna renumeración.,71
6,Explicar cómo leer la tabla mecanismo–requisito,Pendiente de decisión,Siguiente,Medio,Bajo,Bajo,4 — Lectura humana y rutas,Documental condicionado,No,"Separar obligación, condición, hipótesis y abreviatura local de la tabla.",Presentar M1–M4 como nueva familia normativa o confundir trazabilidad con conformidad.,Un párrafo de orientación y cotejo de S/T/H; ningún nuevo campo.,research/ecosystem-awareness/baseline/00M_A01_MECHANISM_TO_REQUIREMENTS_TRACEABILITY_v0.1_WORKING_PROPOSAL.md | research/ecosystem-awareness/baseline/00_CANONICAL_REQUIREMENTS_CHALLENGES_SUFFICIENCY_HYPOTHESES_KPIS.md,"Comprobar las cuatro filas y sus no-claims. Fuente identificada: mantener original; decisión sobre una edición futura/ficha, sin aplicar sobre el hash publicado. Decisión concreta de Iván; fuente original actualmente de sólo lectura.",research/ecosystem-awareness/baseline/00M_A01_VNext.md,research/ecosystem-awareness/baseline/00M_A01_MECHANISM_TO_REQUIREMENTS_TRACEABILITY_v0.1_WORKING_PROPOSAL.md,8832c255e3775116046273363c131c05878af16d,8832c255e3775116046273363c131c05878af16d,1,0,No,Documental condicionado,"Comprobar las cuatro filas y sus no-claims. Fuente identificada: mantener original; decisión sobre una edición futura/ficha, sin aplicar sobre el hash publicado.",
7,Dar un siguiente paso de 00M a 00N,Pendiente de decisión,Después,Medio,Bajo,Bajo,4 — Lectura humana y rutas,Documental condicionado,No,Facilitar lectura independiente sin confundir representación y funcionamiento.,El enlace versionado puede quedar viejo cuando cambie la ruta 00N; un enlace nuevo dentro de 00M afecta un payload identificado.,Texto corto y comprobar ruta/versión; la vía de incorporación debe conservar la edición anterior.,research/ecosystem-awareness/baseline/00N_FROM_MECHANISM_TO_REQUIREMENTS_SCIENTIFIC_PLAUSIBILITY_v0.7_RESEARCH_NOTE.md,"Destino00N correcto y opcional; conservar versión/hash de 00M y decidir una futura edición, sin cambiar la nota identificada. Decisión concreta de Iván; fuente original actualmente de sólo lectura.",research/ecosystem-awareness/baseline/00M_VNext.md,research/ecosystem-awareness/baseline/00M_ABCD_AND_MATHEMATICAL_PLAUSIBILITY_v0.8_RESEARCH_NOTE.md,c97353991117f63983feba24bf8344cf52e9f1e7,c97353991117f63983feba24bf8344cf52e9f1e7,1,0,No,Documental condicionado,"Destino00N correcto y opcional; conservar versión/hash de 00M y decidir una futura edición, sin cambiar la nota identificada.",
8,Ejemplo de evidencia incompatible y falsa certeza,Pendiente de decisión,Siguiente,Medio,Medio,Medio,4 — Lectura humana y rutas,Aclaración opcional,No,Mostrar que una aproximación singleton no demuestra que exista un estado compatible.,Podría leerse como obligación de enumerar todos los estados o confundir consistencia con completitud; afecta el significado que lectores y pruebas reutilizan.,"Revisión lógica del ejemplo y correspondencia con premisas, manteniendo la edición 00M previa.",research/ecosystem-awareness/baseline/00M_ABCD_AND_MATHEMATICAL_PLAUSIBILITY_v0.8_RESEARCH_NOTE.md | research/ecosystem-awareness/baseline/00M_A01_MECHANISM_TO_REQUIREMENTS_TRACEABILITY_v0.1_WORKING_PROPOSAL.md,Verificar las tres respuestas y que la aproximación conservadora no prueba existencia. Considerar si el ejemplo agrega valor suficiente frente a longitud; original identificado preservado. Decisión concreta de Iván; fuente original actualmente de sólo lectura.,research/ecosystem-awareness/baseline/00M_VNext.md,research/ecosystem-awareness/baseline/00M_ABCD_AND_MATHEMATICAL_PLAUSIBILITY_v0.8_RESEARCH_NOTE.md,c97353991117f63983feba24bf8344cf52e9f1e7,c97353991117f63983feba24bf8344cf52e9f1e7,1,0,No,Aclaración opcional,Verificar las tres respuestas y que la aproximación conservadora no prueba existencia. Considerar si el ejemplo agrega valor suficiente frente a longitud; original identificado preservado.,
9,Acceso alternativo a la referencia R4,Pendiente de decisión,Después,Medio,Bajo,Bajo,4 — Lectura humana y rutas,Documental condicionado,No,Hacer accesible el paper y distinguir copia y registro de publicación.,Una URL externa o edición puede cambiar; el fallo de acceso de una herramienta no prueba que la URL original esté rota para todos.,Comprobar identidad/edición y acceso cuando se decida; no reproducir la prueba.,research/ecosystem-awareness/baseline/00M_ABCD_AND_MATHEMATICAL_PLAUSIBILITY_v0.8_RESEARCH_NOTE.md,Confirmar URL/edición primaria y atribución antes de una futura edición; no presentar inaccesibilidad puntual como defecto científico. Decisión concreta de Iván; fuente original actualmente de sólo lectura.,research/ecosystem-awareness/baseline/00M_VNext.md,research/ecosystem-awareness/baseline/00M_ABCD_AND_MATHEMATICAL_PLAUSIBILITY_v0.8_RESEARCH_NOTE.md,c97353991117f63983feba24bf8344cf52e9f1e7,c97353991117f63983feba24bf8344cf52e9f1e7,1,0,No,Documental condicionado,Confirmar URL/edición primaria y atribución antes de una futura edición; no presentar inaccesibilidad puntual como defecto científico.,
10,Distinguir versiones de origen y ruta actual del addendum,Pendiente de decisión,Siguiente,Medio,Bajo,Bajo,4 — Lectura humana y rutas,Documental condicionado,No,Conservar companions v0.6/v0.5 y orientar hacia v0.8/v0.7.,Sustituir las referencias históricas haría parecer que el texto se escribió con fuentes posteriores; los nuevos enlaces también envejecen.,Una frase y cotejo de cuatro enlaces de versión.,research/ecosystem-awareness/baseline/00M_ABCD_AND_MATHEMATICAL_PLAUSIBILITY_v0.6_RESEARCH_NOTE.md | research/ecosystem-awareness/baseline/00M_ABCD_AND_MATHEMATICAL_PLAUSIBILITY_v0.8_RESEARCH_NOTE.md | research/ecosystem-awareness/baseline/00N_FROM_MECHANISM_TO_REQUIREMENTS_SCIENTIFIC_PLAUSIBILITY_v0.5_RESEARCH_NOTE.md | research/ecosystem-awareness/baseline/00N_FROM_MECHANISM_TO_REQUIREMENTS_SCIENTIFIC_PLAUSIBILITY_v0.7_RESEARCH_NOTE.md,"Abrir ambos pares históricos/actuales, conservar fecha y papel de cada nota; original identificado sólo por edición futura/ficha. Decisión concreta de Iván; fuente original actualmente de sólo lectura.",research/ecosystem-awareness/baseline/00N_ADDENDUM_VNext.md,research/ecosystem-awareness/baseline/00N_RESEARCH_NEIGHBOURS_AND_EXPERIMENTAL_PRECEDENTS_v0.1_ADDENDUM.md,37a22b64bf81b5f1b80d9b85fe24fe5eba4fad63,37a22b64bf81b5f1b80d9b85fe24fe5eba4fad63,1,0,No,Documental condicionado,"Abrir ambos pares históricos/actuales, conservar fecha y papel de cada nota; original identificado sólo por edición futura/ficha.",
11,Condicionar el tamaño y coste del contexto útil,Pendiente de decisión,Primera,Alto,Medio,Medio,1 — Claridad de evidencia y estado,Bien sustentado; condicionado,No,Evitar que small se lea como garantía universal de metadatos pequeños y baratos.,"Cambiar una frase sin conciliar métricas, README y comparaciones deja una promesa de coste implícita en otros lugares.",Revisión de alcance en 00N y consumidores de la afirmación; no se conoce coste operativo universal.,research/ecosystem-awareness/baseline/00N_FROM_MECHANISM_TO_REQUIREMENTS_SCIENTIFIC_PLAUSIBILITY_v0.7_RESEARCH_NOTE.md | research/ecosystem-awareness/baseline/00D_CANONICAL_ARCHITECTURE_BENCHMARK_v0.3_DRAFT_ECOSYSTEM_POSITIONING.md,"Leer la apertura con§§3/4: tamaño, tiempo, acceso y carga no se vuelven garantías. Conservar original identificado; no cerrar evidencia operacional. Decisión concreta de Iván; fuente original actualmente de sólo lectura.",research/ecosystem-awareness/baseline/00N_VNext.md,research/ecosystem-awareness/baseline/00N_FROM_MECHANISM_TO_REQUIREMENTS_SCIENTIFIC_PLAUSIBILITY_v0.7_RESEARCH_NOTE.md,b4e011d8e0d9a5beb8258ca572e504520140c883,b4e011d8e0d9a5beb8258ca572e504520140c883,1,0,No,Bien sustentado; condicionado,"Leer la apertura con§§3/4: tamaño, tiempo, acceso y carga no se vuelven garantías. Conservar original identificado; no cerrar evidencia operacional.",
12,Ruta corta de lectura en 00N,Pendiente de decisión,Después,Medio,Bajo,Bajo,4 — Lectura humana y rutas,Aclaración opcional,No,Orientar desde el ejemplo de dos ready signals hacia T1–T4.,Ancla o sección puede cambiar; una ruta didáctica no sustituye límites ni prueba de utilidad.,"Una frase, comprobación de ancla y lectura simulada indicada como tal.",research/ecosystem-awareness/baseline/00N_FROM_MECHANISM_TO_REQUIREMENTS_SCIENTIFIC_PLAUSIBILITY_v0.7_RESEARCH_NOTE.md,El ancla del caso ready resuelve y se mantiene la regla de compatibilidad; conservar edición identificada y ruta opcional. Decisión concreta de Iván; fuente original actualmente de sólo lectura.,research/ecosystem-awareness/baseline/00N_VNext.md,research/ecosystem-awareness/baseline/00N_FROM_MECHANISM_TO_REQUIREMENTS_SCIENTIFIC_PLAUSIBILITY_v0.7_RESEARCH_NOTE.md,b4e011d8e0d9a5beb8258ca572e504520140c883,b4e011d8e0d9a5beb8258ca572e504520140c883,1,0,No,Aclaración opcional,El ancla del caso ready resuelve y se mantiene la regla de compatibilidad; conservar edición identificada y ruta opcional.,
13,Publicación de 00N distinta de madurez,Pendiente de decisión,Siguiente,Medio,Bajo,Bajo,1 — Claridad de evidencia y estado,Documental condicionado,No,"Que local draft no oculte que el documento ya es público, sin afirmar validación.",Confundir publicación con Requirements successor o registro operativo; alterar encabezado de payload fijado.,Una etiqueta de estado con decisión editorial del autor.,research/ecosystem-awareness/baseline/00N_FROM_MECHANISM_TO_REQUIREMENTS_SCIENTIFIC_PLAUSIBILITY_v0.7_RESEARCH_NOTE.md,Conservar fecha/procedencia y la reserva de investigación; decisión de edición futura del original identificado. Decisión concreta de Iván; fuente original actualmente de sólo lectura.,research/ecosystem-awareness/baseline/00N_VNext.md,research/ecosystem-awareness/baseline/00N_FROM_MECHANISM_TO_REQUIREMENTS_SCIENTIFIC_PLAUSIBILITY_v0.7_RESEARCH_NOTE.md,b4e011d8e0d9a5beb8258ca572e504520140c883,b4e011d8e0d9a5beb8258ca572e504520140c883,1,0,No,Documental condicionado,Conservar fecha/procedencia y la reserva de investigación; decisión de edición futura del original identificado.,
14,Corregir el total a seis familias de escenarios,Pendiente de decisión,Siguiente,Medio,Bajo,Bajo,1 — Claridad de evidencia y estado,Documental preparado,Sí,Hacer que el encabezado corresponda a la enumeración E–J.,Corregir solo el título dejaría la frase de tres adicionales incoherente; emparejar con cambio 15.,"Dos correcciones documentales conjuntas, sin cambiar Requirements congelado.",research/ecosystem-awareness/baseline/00_REQUIREMENTS_VNEXT_REVIEW_AND_DELTA_v0.1_DRAFT.md,Considerar14/15 juntos. Mantener el registro histórico de esta propuesta; no renumerar S/T/H ni inferir seis familias completamente auditadas. Decisión concreta de Iván; fuente original actualmente de sólo lectura.,research/ecosystem-awareness/baseline/00_REQUIREMENTS_VNEXT_REVIEW_AND_DELTA_v0.1_DRAFT.md,research/ecosystem-awareness/baseline/00_REQUIREMENTS_VNEXT_REVIEW_AND_DELTA_v0.1_DRAFT.md,a8ebfc8abe61fb569a658c722bcb714371f1693d,cc6b35de75867839b9419521bc9c1075221e38ca,1,0,No,Documental preparado,Considerar14/15 juntos. Mantener el registro histórico de esta propuesta; no renumerar S/T/H ni inferir seis familias completamente auditadas.,15
15,Cuatro familias distintas sin afirmar independencia,Pendiente de decisión,Siguiente,Medio,Bajo,Bajo,1 — Claridad de evidencia y estado,Documental preparado,Sí,Corregir el número G/H/I/J y evitar independencia estadística implícita.,Usar independent como propiedad inferida de nombres exagera evidencia; hay que mantener coherencia con el cambio 14.,Una frase del registro y comprobación de la lista.,research/ecosystem-awareness/baseline/00_REQUIREMENTS_VNEXT_REVIEW_AND_DELTA_v0.1_DRAFT.md,Cotejar00G–00J con 14 y mantener el significado de familias distintas; ninguna nueva obligación canónica. Decisión concreta de Iván; fuente original actualmente de sólo lectura.,research/ecosystem-awareness/baseline/00_REQUIREMENTS_VNEXT_REVIEW_AND_DELTA_v0.1_DRAFT.md,research/ecosystem-awareness/baseline/00_REQUIREMENTS_VNEXT_REVIEW_AND_DELTA_v0.1_DRAFT.md,a8ebfc8abe61fb569a658c722bcb714371f1693d,cc6b35de75867839b9419521bc9c1075221e38ca,1,0,No,Documental preparado,Cotejar00G–00J con 14 y mantener el significado de familias distintas; ninguna nueva obligación canónica.,14
16,Vincular la ejecución al estado recalificado,Pendiente de decisión,Primera,Alto,Alto,Alto,3 — Contratos y protocolo de evaluación,Cambio acoplado; no listo,No,Cerrar documentalmente el hueco entre recheck y estado realmente usado.,Puede añadir una obligación nueva a S10 y cambiar la lectura de pruebas/consumidores existentes; timestamps no prueban binding y un freeze no se reescribe.,"Adjudicación normativa, successor y revisión de controles positivos/negativos e interfaces; la edición de una frase es la parte menor.",research/ecosystem-awareness/baseline/00_CANONICAL_REQUIREMENTS_CHALLENGES_SUFFICIENCY_HYPOTHESES_KPIS.md | research/ecosystem-awareness/baseline/00I_FAILURE_MODE_SEMANTIC_TOCTOU_v0.5_FREEZE_EDITION.md | research/ecosystem-awareness/baseline/04_GENERAL_FUNCTIONAL_INTERFACES_AGENTIC_SECURITY_v0.5_INTEGRATED.md | research/ecosystem-awareness/baseline/01D_EA_MSCA_RA_OPERATION_COMPOSITION_PROFILE_v0.1.md | research/ecosystem-awareness/baseline/00K_A23_CANONICAL_REQUIREMENT_CONFORMANCE_SUFFICIENCY_P1_P6_v0.1.md,"Elegir successor del freeze y verificar un caso vigente, uno stale y otro check-to-use inválido en 16/19/43 y el dueño de ejecución. No ejecutar pruebas por este ranking. Decisión concreta de Iván; fuente original actualmente de sólo lectura.",research/ecosystem-awareness/baseline/00_REQUIREMENTS_VNEXT_REVIEW_AND_DELTA_v0.1_DRAFT.md,research/ecosystem-awareness/baseline/00_CANONICAL_REQUIREMENTS_CHALLENGES_SUFFICIENCY_HYPOTHESES_KPIS.md,4fe3d69b50fef1e82ba7f889324b70a7f6b1a81c,4fe3d69b50fef1e82ba7f889324b70a7f6b1a81c,1,0,No,Cambio acoplado; no listo,"Elegir successor del freeze y verificar un caso vigente, uno stale y otro check-to-use inválido en 16/19/43 y el dueño de ejecución. No ejecutar pruebas por este ranking.",19 | 43
17,Explicar la correspondencia P_RA y delta RA,Pendiente de decisión,Primera,Alto,Alto,Alto,"2 — Coherencia entre RA, EA y MSCA",Cambio acoplado; no listo,No,Evitar que dos representaciones distintas se tomen como equivalentes por enlace.,"Una correspondencia inventada pierde scope, certeza o condiciones de acción; varios perfiles consumen esas salidas.","Esfuerzo Alto: además de redactar, leer y conciliar productor, receptores, perfiles/materiales y casos límite; comprobar compatibilidad y mantenimiento de versiones antes de una decisión.",research/ecosystem-awareness/baseline/00M_ABCD_AND_MATHEMATICAL_PLAUSIBILITY_v0.8_RESEARCH_NOTE.md | research/ecosystem-awareness/baseline/01C_EA_REGIME_AWARENESS_INTERFACE_ANNEX_v0.2.md | research/regime-awareness/README.md | standards/minimum-sufficient-control/03_MSCA_ECOSYSTEM_COMPOSITION_AND_CONTROL.md | standards/minimum-sufficient-control/04_CANONICAL_MSCA_OPERATION_AND_REPOSITIONING.md | research/ecosystem-awareness/baseline/01D_EA_MSCA_RA_OPERATION_COMPOSITION_PROFILE_v0.1.md | research/ecosystem-awareness/baseline/01J_ECOSYSTEM_SIGNALLING_SELECTIVE_DISCLOSURE_AND_CHOREOGRAPHED_REPOSITIONING_v0.1.md,Cotejar01C→01D→Operation y el retorno Composition para el mismo scope/versión/ventana; RA advisory no veta una acción que no dependa de él. Decisión concreta de Iván; fuente original actualmente de sólo lectura.,research/ecosystem-awareness/baseline/01D_VNext.md,research/ecosystem-awareness/baseline/01D_EA_MSCA_RA_OPERATION_COMPOSITION_PROFILE_v0.1.md,c9cb2d1326f016db89ec41f9945638e25ecbbead,c9cb2d1326f016db89ec41f9945638e25ecbbead,1,0,No,Cambio acoplado; no listo,Cotejar01C→01D→Operation y el retorno Composition para el mismo scope/versión/ventana; RA advisory no veta una acción que no dependa de él.,35 | 37 | 38
18,Actualizar la referencia de 04 a 00I existente,Pendiente de decisión,Siguiente,Medio,Medio,Bajo,1 — Claridad de evidencia y estado,Plan parcial,No,Eliminar la reserva future 00I sin atribuir una ejecución que no existe.,"Si 05/05A mantienen None committed o future, la cadena queda desactualizada; la existencia no acredita un mapping.",Precisar esta frase y revisar textos temporales relacionados en 04/05/05A.,research/ecosystem-awareness/baseline/00I_FAILURE_MODE_SEMANTIC_TOCTOU_v0.5_FREEZE_EDITION.md | research/ecosystem-awareness/baseline/04_GENERAL_FUNCTIONAL_INTERFACES_AGENTIC_SECURITY_VNEXT_REVIEW_AND_DELTA_v0.1_DRAFT.md | research/ecosystem-awareness/fg-tida/interfaces/05_FG_TIDA_IDEAL_CROSS_THEME_INTERFACE_CONTRACTS_VNEXT_REVIEW_AND_DELTA_v0.1_DRAFT.md | research/ecosystem-awareness/fg-tida/interfaces/05A_FG_TIDA_CURRENT_STATE_CONFORMANCE_BRIDGE_VNEXT_REVIEW_AND_DELTA_v0.1_DRAFT.md,18/33 juntos; concretar las demás frases afectadas de 04/05/05A y conservar00I interno separado de ejecución/adopciónFG. Decisión concreta de Iván; fuente original actualmente de sólo lectura.,research/ecosystem-awareness/baseline/04_GENERAL_FUNCTIONAL_INTERFACES_AGENTIC_SECURITY_VNEXT_REVIEW_AND_DELTA_v0.1_DRAFT.md,research/ecosystem-awareness/baseline/04_GENERAL_FUNCTIONAL_INTERFACES_AGENTIC_SECURITY_VNEXT_REVIEW_AND_DELTA_v0.1_DRAFT.md,598ed9ea150f288b086dde7c6ea569cd9694fbf5,9f973ab92ead609b49bf8182af96459d30e9b7c9,1,0,No,Plan parcial,18/33 juntos; concretar las demás frases afectadas de 04/05/05A y conservar00I interno separado de ejecución/adopciónFG.,33
19,Condicionar cuándo un A_ref conserva el resultado,Pendiente de decisión,Primera,Alto,Alto,Alto,3 — Contratos y protocolo de evaluación,Cambio acoplado; no listo,No,Permitir perfiles de referencia útiles sin fingir acceso al valor ni fabricar B.,"Cambiar el kernel EHD puede afectar los 176 mappings, privacidad, permisos y decisiones que exigen resultado; una referencia unavailable no vale como A.","Adjudicar H06, revisar perfiles full-result/metadata-only, consumers y correspondencia del contrato de entrada.",research/ecosystem-awareness/baseline/04_GENERAL_FUNCTIONAL_INTERFACES_AGENTIC_SECURITY_v0.5_INTEGRATED.md | research/ecosystem-awareness/baseline/04_EA_ABCD_RECOGNITION_AND_INTERFACE_MAP_v0.1_WORKING_PROPOSAL.md | research/ecosystem-awareness/baseline/04_INPUT_INTERFACE_CONTRACT/04_INPUT_INTERFACE_CONTRACT_v0.4.md | research/ecosystem-awareness/fg-tida/interfaces/05_FG_TIDA_IDEAL_CROSS_THEME_INTERFACE_CONTRACTS_VNEXT_REVIEW_AND_DELTA_v0.1_DRAFT.md | research/ecosystem-awareness/fg-tida/interfaces/05A_FG_TIDA_CURRENT_STATE_CONFORMANCE_BRIDGE_VNEXT_REVIEW_AND_DELTA_v0.1_DRAFT.md,"Seleccionar perfil/successor; binding productor/perfil/versión/instancia, missing/stale y decisiones que requieren el valor. Examinar176 filas y 44 casos pertinentes; registrar excepciones. Decisión concreta de Iván; fuente original actualmente de sólo lectura.",research/ecosystem-awareness/baseline/04_GENERAL_FUNCTIONAL_INTERFACES_AGENTIC_SECURITY_VNEXT_REVIEW_AND_DELTA_v0.1_DRAFT.md,research/ecosystem-awareness/baseline/04_GENERAL_FUNCTIONAL_INTERFACES_AGENTIC_SECURITY_v0.5_INTEGRATED.md,2b563c102f62d029c6037b47b047e4ac21755e5b,2b563c102f62d029c6037b47b047e4ac21755e5b,1,0,No,Cambio acoplado; no listo,"Seleccionar perfil/successor; binding productor/perfil/versión/instancia, missing/stale y decisiones que requieren el valor. Examinar176 filas y 44 casos pertinentes; registrar excepciones.",16 | 43
20,Orientación humana del índice EA,Pendiente de decisión,Siguiente,Medio,Bajo,Bajo,4 — Lectura humana y rutas,Documental preparado,Sí,Explicar para qué sirven ayudas visuales y cómo continuar hacia argumento/pruebas.,Un resumen demasiado largo puede repetir el índice o perder límites; los enlaces deben seguir vigentes.,"Un párrafo con revisión de lectura y rutas, sin reordenar el README.",research/ecosystem-awareness/baseline/README.md | research/ecosystem-awareness/baseline/visuals/README.md,"Verificar destino/alcance opcional y que no añade nivel de README. La futura adición al original requiere decisión concreta, aunque la propuesta esté completa. Decisión concreta de Iván; fuente original actualmente de sólo lectura.",research/ecosystem-awareness/baseline/README_VNext.md,research/ecosystem-awareness/baseline/README.md,359dea888dac9778c1c49e17a091b8fe6fe89b00,a764abcf9330575c1a4b9a078856dfb83affc950,1,0,No,Documental preparado,"Verificar destino/alcance opcional y que no añade nivel de README. La futura adición al original requiere decisión concreta, aunque la propuesta esté completa.",
21,Acceso a trabajo adicional desde baseline,Ya publicado,Histórico,Medio,Bajo,No nuevo,Histórico,Ya publicado,No,Dar ruta a materiales adicionales sin convertirlos en canon.,Duplicar el bloque ya publicado confunde al lector.,Adición ya realizada y leída de vuelta.,research/ecosystem-awareness/baseline/non-canonical/README.md,"No volver a ejecutar; diferencia de espacios en blanco del contexto, mismo bloque publicado. Decisión concreta de Iván; fuente original actualmente de sólo lectura.",research/ecosystem-awareness/baseline/README_VNext.md,research/ecosystem-awareness/baseline/README.md,359dea888dac9778c1c49e17a091b8fe6fe89b00,a764abcf9330575c1a4b9a078856dfb83affc950,1,0,No,Ya publicado,"No volver a ejecutar; diferencia de espacios en blanco del contexto, mismo bloque publicado.",
22,Mantener al dueño legítimo de la respuesta en UC03,Pendiente de decisión,Primera,Alto,Alto,Alto,"2 — Coherencia entre RA, EA y MSCA",Cambio acoplado; no listo,No,"Que F7 oriente revisión pero no se apropie de permiso, contención o ejecución.",El perfil congelado y sus consumidores pueden atribuir facultades distintas; modificar solo un párrafo deja la interfaz inconsistente.,"Esfuerzo Alto: además de redactar, leer y conciliar productor, receptores, perfiles/materiales y casos límite; comprobar compatibilidad y mantenimiento de versiones antes de una decisión.",research/ecosystem-awareness/baseline/UC-EA-03_v0.4_MAINTENANCE_FREEZE.md | research/ecosystem-awareness/baseline/00_CANONICAL_REQUIREMENTS_CHALLENGES_SUFFICIENCY_HYPOTHESES_KPIS.md | standards/minimum-sufficient-control/04_CANONICAL_MSCA_OPERATION_AND_REPOSITIONING.md | research/ecosystem-awareness/baseline/01D_EA_MSCA_RA_OPERATION_COMPOSITION_PROFILE_v0.1.md,"Successor explícito y revisión con 23, Requirements,Operation,01K actual y dueño legítimo. Una indicación no concede permiso ni confirma efecto. Decisión concreta de Iván; fuente original actualmente de sólo lectura.",research/ecosystem-awareness/baseline/UC-EA-03_VNext.md,research/ecosystem-awareness/baseline/UC-EA-03_v0.4_MAINTENANCE_FREEZE.md,7d940f33d011bb234f98e5d03a408dbeca34d92d,7d940f33d011bb234f98e5d03a408dbeca34d92d,1,0,No,Cambio acoplado; no listo,"Successor explícito y revisión con 23, Requirements,Operation,01K actual y dueño legítimo. Una indicación no concede permiso ni confirma efecto.",23 | 16 | 60
23,Calificar el fallback humano por autoridad y plazo,Pendiente de decisión,Primera,Alto,Alto,Alto,"2 — Coherencia entre RA, EA y MSCA",Cambio acoplado; no listo,No,Impedir que reviewer indisponible se resuelva con fallback indefinido o aprobación curativa.,Puede cambiar el resultado esperado y exigir capacidad/tiempo no representados; no todos los fallback son equivalentes o autorizados.,"Esfuerzo Alto: además de redactar, leer y conciliar productor, receptores, perfiles/materiales y casos límite; comprobar compatibilidad y mantenimiento de versiones antes de una decisión.",research/ecosystem-awareness/baseline/UC-EA-03_v0.4_MAINTENANCE_FREEZE.md | research/ecosystem-awareness/baseline/00_CANONICAL_REQUIREMENTS_CHALLENGES_SUFFICIENCY_HYPOTHESES_KPIS.md | standards/minimum-sufficient-control/04_CANONICAL_MSCA_OPERATION_AND_REPOSITIONING.md | research/ecosystem-awareness/baseline/01D_EA_MSCA_RA_OPERATION_COMPOSITION_PROFILE_v0.1.md,"En successor, contrastar22 y ramasB/C/H: autoridad, plazo, contexto, competencia, capacidad compartida y continuidad. Preservar casos y fallos previos. Decisión concreta de Iván; fuente original actualmente de sólo lectura.",research/ecosystem-awareness/baseline/UC-EA-03_VNext.md,research/ecosystem-awareness/baseline/UC-EA-03_v0.4_MAINTENANCE_FREEZE.md,7d940f33d011bb234f98e5d03a408dbeca34d92d,7d940f33d011bb234f98e5d03a408dbeca34d92d,1,0,No,Cambio acoplado; no listo,"En successor, contrastar22 y ramasB/C/H: autoridad, plazo, contexto, competencia, capacidad compartida y continuidad. Preservar casos y fallos previos.",22
24,Separar versión de schema y paquete UC4,Pendiente de decisión,Siguiente,Medio,Medio,Bajo,1 — Claridad de evidencia y estado,Documental condicionado,No,No mezclar schema 1.1.0 con release 1.1.0-r1.,"Companion mutable, sidecar y validador pueden usar versiones distintas; corregir solo el README deja el perfil o import note desfasados.",Cotejo del manifest pin y dos documentos receptores; no cambiar sidecars congelados.,research/ecosystem-awareness/baseline/reductions/00G-R01/oracle/UC4_INTEROPERABILITY_PROFILE.md | research/ecosystem-awareness/baseline/reductions/00G-R01/oracle/NELSON_BASELINE_IMPORT.md,"Confirmar pin/metadata del paquete y perfilUC4, manteniendo fecha de consulta; no extrapolar a futuras releases. Decisión concreta de Iván; fuente original actualmente de sólo lectura.",research/ecosystem-awareness/baseline/reductions/00G-R01/oracle/README_VNext.md,research/ecosystem-awareness/baseline/reductions/00G-R01/oracle/README.md,282d97ed967898a086303927872fbdfcaf37dd70,282d97ed967898a086303927872fbdfcaf37dd70,1,0,No,Documental condicionado,"Confirmar pin/metadata del paquete y perfilUC4, manteniendo fecha de consulta; no extrapolar a futuras releases.",
25,Explicar reutilización por familia sin trasladar resultados,Pendiente de decisión,Siguiente,Alto,Medio,Medio,4 — Lectura humana y rutas,Plan de lectura; incompleto,No,Hacer visible qué puede usarse de Q1a/00K/00L/00I/C3 y qué sigue sin mapping.,La tabla puede quedar vieja o sumar campañas distintas como evidencia R01; desarrollar un adapter es otra acción.,Siete familias con owners/versiones y comparación de límites; no importación ni ejecución.,research/ecosystem-awareness/baseline/fixtures/RS-00E-Q1a/README.md | research/ecosystem-awareness/baseline/fixtures/00K-SUITE/README.md | research/ecosystem-awareness/baseline/00L_REINFORCED_PAPER_TRAVERSALS_00E_00J_v0.1/README.md | research/ecosystem-awareness/baseline/fixtures/00I-STATEFUL/README.md | research/ecosystem-awareness/baseline/fixtures/00G-HF-ORACLE-v0.4/README.md,"Cada fila necesita contrato/pin, parte reutilizada, resultado que no transfiere y gate propio;43/46–49 no se cierran por publicar la tabla. Decisión concreta de Iván; fuente original actualmente de sólo lectura.",research/ecosystem-awareness/baseline/reductions/00G-R01/oracle/README_VNext.md,research/ecosystem-awareness/baseline/reductions/00G-R01/oracle/README.md,282d97ed967898a086303927872fbdfcaf37dd70,282d97ed967898a086303927872fbdfcaf37dd70,1,0,No,Plan de lectura; incompleto,"Cada fila necesita contrato/pin, parte reutilizada, resultado que no transfiere y gate propio;43/46–49 no se cierran por publicar la tabla.",46 | 48 | 49
26,Self-test verde distinto de tecnología que pasa,Pendiente de decisión,Primera,Alto,Bajo,Bajo,1 — Claridad de evidencia y estado,Documental preparado,Sí,Evitar que seis controles esperados se presenten como seis éxitos de tecnologías.,Números o estados del lote pueden quedar desactualizados; la explicación debe citar v0.9 en vez de decir siempre current.,Un párrafo y cotejo de las seis entradas fijadas; no recalcular evidencia.,research/ecosystem-awareness/baseline/reductions/00G-R01/oracle/SELFTEST_RECORD_v0.9.md | research/ecosystem-awareness/baseline/reductions/00G-R01/oracle/selftest_result_v0.9.json,"CotejarSELFTEST_RECORD_v0.9/resultv0.9 y mantener dominio, denominador y expectativas; ningún rerun o eficacia comparativa. Decisión concreta de Iván; fuente original actualmente de sólo lectura.",research/ecosystem-awareness/baseline/reductions/00G-R01/oracle/README_VNext.md,research/ecosystem-awareness/baseline/reductions/00G-R01/oracle/README.md,282d97ed967898a086303927872fbdfcaf37dd70,282d97ed967898a086303927872fbdfcaf37dd70,1,0,No,Documental preparado,"CotejarSELFTEST_RECORD_v0.9/resultv0.9 y mantener dominio, denominador y expectativas; ningún rerun o eficacia comparativa.",
27,Límite de dominio e independencia del oráculo,Pendiente de decisión,Primera,Alto,Medio,Medio,1 — Claridad de evidencia y estado,Documental preparado,Sí,Impedir que acuerdo de dos implementaciones o un DAG finito parezca validación externa del R01 completo.,Si otros README/métricas mantienen esa extrapolación el efecto queda incompleto; futuras ampliaciones pueden cambiar el dominio.,"Cotejo del dominio/premisas y recibos ya existentes, M16/M17, sin nuevas campañas.",research/ecosystem-awareness/baseline/reductions/00G-R01/oracle/README.md | research/ecosystem-awareness/baseline/reductions/00G-R01/oracle/SELFTEST_RECORD_v0.9.md | research/ecosystem-awareness/baseline/reductions/00G-R01/oracle/selftest_result_v0.9.json | research/ecosystem-awareness/baseline/reductions/00G-R01/oracle/UC4_INTEROPERABILITY_PROFILE.md | research/ecosystem-awareness/baseline/reductions/00G-R01/COMPUTABILITY_AND_ORACLE_PLAN.md,"Conservar dominio no negativo/conjuntivo, atribución y límites de perfiles. No presentar el cotejo como independencia, escalabilidad o ejecución tecnológica. Decisión concreta de Iván; fuente original actualmente de sólo lectura.",research/ecosystem-awareness/baseline/reductions/00G-R01/oracle/README_VNext.md,research/ecosystem-awareness/baseline/reductions/00G-R01/oracle/README.md,282d97ed967898a086303927872fbdfcaf37dd70,282d97ed967898a086303927872fbdfcaf37dd70,1,0,No,Documental preparado,"Conservar dominio no negativo/conjuntivo, atribución y límites de perfiles. No presentar el cotejo como independencia, escalabilidad o ejecución tecnológica.",
28,Propósito del oráculo antes de la atribución,Pendiente de decisión,Siguiente,Medio,Bajo,Bajo,4 — Lectura humana y rutas,Documental preparado,Sí,"Que una persona entienda entrada, evaluación y resultado antes de fuentes técnicas.",La apertura debe concordar con el modo del instrumento y no parecer servicio desplegado.,Un párrafo y cotejo con interfaces actuales.,research/ecosystem-awareness/baseline/reductions/00G-R01/oracle/README.md | research/ecosystem-awareness/baseline/reductions/00G-R01/oracle/TRACE_CONTRACT.md,"La inserción queda antes de instrucciones técnicas, conserva fuentes y no convierteREADME en contrato nuevo. Decisión concreta de Iván; fuente original actualmente de sólo lectura.",research/ecosystem-awareness/baseline/reductions/00G-R01/oracle/README_VNext.md,research/ecosystem-awareness/baseline/reductions/00G-R01/oracle/README.md,282d97ed967898a086303927872fbdfcaf37dd70,282d97ed967898a086303927872fbdfcaf37dd70,1,0,No,Documental preparado,"La inserción queda antes de instrucciones técnicas, conserva fuentes y no convierteREADME en contrato nuevo.",
29,"Distinguir modo, efectos y métricas antes de reproducir",Pendiente de decisión,Siguiente,Alto,Medio,Medio,4 — Lectura humana y rutas,Documental preparado,Sí,"Que una instrucción de reproducción no confunda intento, efecto y aceptación.",El texto puede prometer métricas o aislamiento que el runner no produce; datos instrumentales no son costes reales.,Leer contrato/mode y etiquetas de salida del instrumento; ninguna ejecución de programa.,research/ecosystem-awareness/baseline/reductions/00G-R01/oracle/README.md | research/ecosystem-awareness/baseline/reductions/00G-R01/oracle/TRACE_CONTRACT.md | research/ecosystem-awareness/baseline/reductions/00G-R01/oracle/ISOLATION_CONTRACT.md,"LeerTRACE_CONTRACT/ISOLATION_CONTRACT y las métricas originales; conservar deadline/efecto/legitimidad como verificaciones diferentes, sin activar ejecución. Decisión concreta de Iván; fuente original actualmente de sólo lectura.",research/ecosystem-awareness/baseline/reductions/00G-R01/oracle/README_VNext.md,research/ecosystem-awareness/baseline/reductions/00G-R01/oracle/README.md,282d97ed967898a086303927872fbdfcaf37dd70,282d97ed967898a086303927872fbdfcaf37dd70,1,0,No,Documental preparado,"LeerTRACE_CONTRACT/ISOLATION_CONTRACT y las métricas originales; conservar deadline/efecto/legitimidad como verificaciones diferentes, sin activar ejecución.",
30,Convertir referencias propias en rutas navegables,Pendiente de decisión,Después,Medio,Bajo,Bajo,4 — Lectura humana y rutas,Documental preparado,Sí,Que el lector abra la fuente correcta desde Corpus reuse.,Enlaces y versiones pueden quedar viejos; ruta existente no demuestra conservación semántica.,"Son cinco enlaces; revisar cinco destinos y atribuciones, no cuatro. Esfuerzo Bajo para navegación.",research/ecosystem-awareness/baseline/fixtures/00G-HF-ORACLE-v0.4/README.md | research/ecosystem-awareness/baseline/00D_A01_REFERENCE_SCENARIO_TEST_ARTIFACTS_AND_BOUNDED_ORACLE_CONSTRUCTION_AND_TEST_DESIGN_v0.1.md | research/ecosystem-awareness/baseline/00D_A03_RS_00E_Q1A_STAGE_0_DETERMINISTIC_HARNESS_DESIGN_v0.1.md,"Abrir los cinco destinos, mantener texto de atribución y scope; revisar desde el directoriooracle, no desde el de laVNext. Decisión concreta de Iván; fuente original actualmente de sólo lectura.",research/ecosystem-awareness/baseline/reductions/00G-R01/oracle/README_VNext.md,research/ecosystem-awareness/baseline/reductions/00G-R01/oracle/README.md,282d97ed967898a086303927872fbdfcaf37dd70,282d97ed967898a086303927872fbdfcaf37dd70,1,0,No,Documental preparado,"Abrir los cinco destinos, mantener texto de atribución y scope; revisar desde el directoriooracle, no desde el de laVNext.",
31,Reporte Theme21 distinto de reproducción propia,Pendiente de decisión,Primera,Alto,Bajo,Bajo,1 — Claridad de evidencia y estado,Documental preparado,Sí,Que consulta de cifras no se lea como validación independiente del dataset.,Un reporte puede ser editado o corregido después; la precisión debe conservar el corte y honest-judges/no-ground-truth.,Una frase de la VNext y cotejo del reporte fijado; no reproducir dataset.,research/ecosystem-awareness/fg-tida/interfaces/05A_FG_TIDA_CURRENT_STATE_CONFORMANCE_BRIDGE_VNEXT_REVIEW_AND_DELTA_v0.1_DRAFT.md,"Mantener autor/fecha/edición de los anchors ya consultados; si se pide estado externo actual, comprobar posteriores antes de afirmarlo. No recalcular dataset. Decisión concreta de Iván; fuente original actualmente de sólo lectura.",research/ecosystem-awareness/fg-tida/interfaces/05A_FG_TIDA_CURRENT_STATE_CONFORMANCE_BRIDGE_VNEXT_REVIEW_AND_DELTA_v0.1_DRAFT.md,research/ecosystem-awareness/fg-tida/interfaces/05A_FG_TIDA_CURRENT_STATE_CONFORMANCE_BRIDGE_VNEXT_REVIEW_AND_DELTA_v0.1_DRAFT.md,814e9843e237f42b3e1fe26db0a4d3ad41fe2a9c,c10c693f7d7ffa7cdd19bc8ae0f94b1fad91ea75,1,0,No,Documental preparado,"Mantener autor/fecha/edición de los anchors ya consultados; si se pide estado externo actual, comprobar posteriores antes de afirmarlo. No recalcular dataset.",
32,Fecha y versión de fuente para promociones 05A,Pendiente de decisión,Primera,Alto,Bajo,Medio,1 — Claridad de evidencia y estado,Documental preparado,Sí,Hacer reconstructible qué fuente mutable sustentó una relación Current.,"Si no hay revisionId, inventarlo falsearía procedencia; una fecha no garantiza inmutabilidad.","Una regla de ficha y aplicación futura por fila, sin nuevo campo de payload.",research/ecosystem-awareness/fg-tida/interfaces/05A_FG_TIDA_CURRENT_STATE_CONFORMANCE_BRIDGE_VNEXT_REVIEW_AND_DELTA_v0.1_DRAFT.md | research/ecosystem-awareness/fg-tida/interfaces/05_FG_TIDA_IDEAL_CROSS_THEME_INTERFACE_CONTRACTS_VNEXT_REVIEW_AND_DELTA_v0.1_DRAFT.md,"Completar anchors por fila con fecha y revision/hash disponible; si no existe pin, declararlo sin inventarlo. Mantener estados de autor/revisión/adopción separados. Decisión concreta de Iván; fuente original actualmente de sólo lectura.",research/ecosystem-awareness/fg-tida/interfaces/05A_FG_TIDA_CURRENT_STATE_CONFORMANCE_BRIDGE_VNEXT_REVIEW_AND_DELTA_v0.1_DRAFT.md,research/ecosystem-awareness/fg-tida/interfaces/05A_FG_TIDA_CURRENT_STATE_CONFORMANCE_BRIDGE_VNEXT_REVIEW_AND_DELTA_v0.1_DRAFT.md,814e9843e237f42b3e1fe26db0a4d3ad41fe2a9c,c10c693f7d7ffa7cdd19bc8ae0f94b1fad91ea75,1,0,No,Documental preparado,"Completar anchors por fila con fecha y revision/hash disponible; si no existe pin, declararlo sin inventarlo. Mantener estados de autor/revisión/adopción separados.",
33,Reconocer 00I como escenario interno en 05,Pendiente de decisión,Siguiente,Medio,Medio,Medio,1 — Claridad de evidencia y estado,Plan parcial,No,Corregir la contradicción committed/future sin convertir 00I en use case FG.,Una celda actualizada deja contradictorios §§6/8/10A/18 y 05A; el mapping a UC6 sigue sin probar.,"Revisión de varios pasajes y puente con 04/05A, preservar material histórico.",research/ecosystem-awareness/baseline/00I_FAILURE_MODE_SEMANTIC_TOCTOU_v0.5_FREEZE_EDITION.md | research/ecosystem-awareness/baseline/04_GENERAL_FUNCTIONAL_INTERFACES_AGENTIC_SECURITY_VNEXT_REVIEW_AND_DELTA_v0.1_DRAFT.md | research/ecosystem-awareness/fg-tida/interfaces/05_FG_TIDA_IDEAL_CROSS_THEME_INTERFACE_CONTRACTS_VNEXT_REVIEW_AND_DELTA_v0.1_DRAFT.md | research/ecosystem-awareness/fg-tida/interfaces/05A_FG_TIDA_CURRENT_STATE_CONFORMANCE_BRIDGE_VNEXT_REVIEW_AND_DELTA_v0.1_DRAFT.md,Preparar los pares de§§6/8/10A/18 junto con 18/05A; ningún escenario interno asciende a evidenciaFG por su existencia. Decisión concreta de Iván; fuente original actualmente de sólo lectura.,research/ecosystem-awareness/fg-tida/interfaces/05_FG_TIDA_IDEAL_CROSS_THEME_INTERFACE_CONTRACTS_VNEXT_REVIEW_AND_DELTA_v0.1_DRAFT.md,research/ecosystem-awareness/fg-tida/interfaces/05_FG_TIDA_IDEAL_CROSS_THEME_INTERFACE_CONTRACTS_VNEXT_REVIEW_AND_DELTA_v0.1_DRAFT.md,dea87c75816959f6749c6922e1e9a9b2c3cfd013,25ad9ae90a8dc7fa84f16b36048db96f7c0f99b0,1,0,No,Plan parcial,Preparar los pares de§§6/8/10A/18 junto con 18/05A; ningún escenario interno asciende a evidenciaFG por su existencia.,18
34,"Dos peers como propuesta, no arquitectura FG adoptada",Pendiente de decisión,Primera,Alto,Medio,Medio,1 — Claridad de evidencia y estado,Documental condicionado,No,"Conservar la diferencia entre placement, proceso de revisión y confirmación arquitectónica.",La declaración podría quedar anticuada por fuente posterior no leída; los owners de otros Themes no se adquieren por silencio.,Consultar los pins usados y buscar cambios relevantes antes de decidir wording; no outreach.,research/ecosystem-awareness/fg-tida/interfaces/05_FG_TIDA_IDEAL_CROSS_THEME_INTERFACE_CONTRACTS_VNEXT_REVIEW_AND_DELTA_v0.1_DRAFT.md | research/ecosystem-awareness/fg-tida/interfaces/05A_FG_TIDA_CURRENT_STATE_CONFORMANCE_BRIDGE_VNEXT_REVIEW_AND_DELTA_v0.1_DRAFT.md,"Distinguirplacement, prueba independiente posible y confirmación arquitectónica; no afirmar ausencia mundial de adopción a partir de ocho comentarios antiguos. Decisión concreta de Iván; fuente original actualmente de sólo lectura.",research/ecosystem-awareness/fg-tida/interfaces/05_FG_TIDA_IDEAL_CROSS_THEME_INTERFACE_CONTRACTS_VNEXT_REVIEW_AND_DELTA_v0.1_DRAFT.md,research/ecosystem-awareness/fg-tida/interfaces/05_FG_TIDA_IDEAL_CROSS_THEME_INTERFACE_CONTRACTS_VNEXT_REVIEW_AND_DELTA_v0.1_DRAFT.md,dea87c75816959f6749c6922e1e9a9b2c3cfd013,25ad9ae90a8dc7fa84f16b36048db96f7c0f99b0,1,0,No,Documental condicionado,"Distinguirplacement, prueba independiente posible y confirmación arquitectónica; no afirmar ausencia mundial de adopción a partir de ocho comentarios antiguos.",
35,Conciliar los cuatro roles RA en su README,Pendiente de decisión,Primera,Alto,Alto,Medio,"2 — Coherencia entre RA, EA y MSCA",Cambio acoplado; no listo,No,"Que B sea soporte/reserva, C exploración y D barrera efectiva, sin confundir UNKNOWN.","Cambiar solo el resumen puede dejar Operation, Cartografía, perfiles y lectores con otra interpretación; campos con mismo nombre no garantizan compatibilidad.","Revisión coordinada de productor y consumidores, antes/después y significado recibido.",research/ecosystem-awareness/baseline/00M_ABCD_AND_MATHEMATICAL_PLAUSIBILITY_v0.8_RESEARCH_NOTE.md | research/ecosystem-awareness/baseline/01C_EA_REGIME_AWARENESS_INTERFACE_ANNEX_v0.2.md | research/regime-awareness/README.md | standards/minimum-sufficient-control/03_MSCA_ECOSYSTEM_COMPOSITION_AND_CONTROL.md | standards/minimum-sufficient-control/04_CANONICAL_MSCA_OPERATION_AND_REPOSITIONING.md | research/ecosystem-awareness/baseline/01D_EA_MSCA_RA_OPERATION_COMPOSITION_PROFILE_v0.1.md | research/ecosystem-awareness/baseline/01J_ECOSYSTEM_SIGNALLING_SELECTIVE_DISCLOSURE_AND_CHOREOGRAPHED_REPOSITIONING_v0.1.md,"Cotejo35/37/38 más 01C/01D/Composition/01J: reserva evaluable→B, exploración fundada→C, barrera efectiva→D y clasificación incierta→UNKNOWN; ninguna API nueva. Decisión concreta de Iván; fuente original actualmente de sólo lectura.",research/regime-awareness/README_VNext.md,research/regime-awareness/README.md,f021454aeb8359da468dbe4a2725851cce9c4d01,83a4b004bd2d795122f9c212e0d5d4901e200c1f,1,0,No,Cambio acoplado; no listo,"Cotejo35/37/38 más 01C/01D/Composition/01J: reserva evaluable→B, exploración fundada→C, barrera efectiva→D y clasificación incierta→UNKNOWN; ninguna API nueva.",17 | 37 | 38 | 68 | 69 | 70
36,Acceso a trabajo adicional desde EWS,Ya publicado,Histórico,Medio,Bajo,No nuevo,Histórico,Ya publicado,No,Separar contexto/revisión adicional de detector validado.,Duplicar el enlace ya publicado crea otra ruta aparente.,Ya publicado y verificado; solo mantener vínculo.,research/regime-awareness/ADDITIONAL_WORK_README.md,No volver a ejecutar. Decisión concreta de Iván; fuente original actualmente de sólo lectura.,research/regime-awareness/README_VNext.md,research/regime-awareness/minimalistic-early-warning-systems/README.md,8e24a311bb7c7a89a29df15909961e6ecf6967f1,8e24a311bb7c7a89a29df15909961e6ecf6967f1,1,0,No,Ya publicado,No volver a ejecutar.,
37,Conservar significado RA al entrar en Operation,Pendiente de decisión,Primera,Alto,Alto,Medio,"2 — Coherencia entre RA, EA y MSCA",Cambio acoplado; no listo,No,Que el consumidor reciba la semántica y condiciones del productor.,Cambiar entrada puede alterar decisiones esperadas o interpretación histórica; un resumen más largo no prueba equivalencia de ejecución.,"Cotejar 01C, RA, 03, 04, 01D y perfiles; ningún nuevo resultado runtime.",research/ecosystem-awareness/baseline/00M_ABCD_AND_MATHEMATICAL_PLAUSIBILITY_v0.8_RESEARCH_NOTE.md | research/ecosystem-awareness/baseline/01C_EA_REGIME_AWARENESS_INTERFACE_ANNEX_v0.2.md | research/regime-awareness/README.md | standards/minimum-sufficient-control/03_MSCA_ECOSYSTEM_COMPOSITION_AND_CONTROL.md | standards/minimum-sufficient-control/04_CANONICAL_MSCA_OPERATION_AND_REPOSITIONING.md | research/ecosystem-awareness/baseline/01D_EA_MSCA_RA_OPERATION_COMPOSITION_PROFILE_v0.1.md | research/ecosystem-awareness/baseline/01J_ECOSYSTEM_SIGNALLING_SELECTIVE_DISCLOSURE_AND_CHOREOGRAPHED_REPOSITIONING_v0.1.md,Revisar35/38 conjuntamente y comprobar que el retornoCart/RA conserva qualifiers y vigencia. No afirmar que una implementación ya perdió esa información. Decisión concreta de Iván; fuente original actualmente de sólo lectura.,standards/minimum-sufficient-control/04_OPERATION_VNext.md,standards/minimum-sufficient-control/04_CANONICAL_MSCA_OPERATION_AND_REPOSITIONING.md,88a4ea7e1eec2c9f2b3f2dbe0d15f64087e1265c,eb89ff9925434ba8480929da70871bbbf4cd1af9,1,0,No,Cambio acoplado; no listo,Revisar35/38 conjuntamente y comprobar que el retornoCart/RA conserva qualifiers y vigencia. No afirmar que una implementación ya perdió esa información.,17 | 35 | 38
38,Mostrar todo B_Cart en el índice MSCA,Pendiente de decisión,Primera,Medio,Medio,Medio,"2 — Coherencia entre RA, EA y MSCA",Aclaración contextual acoplada,No,Que la tabla no reduzca B a confianza numérica.,Otros resúmenes o consumers pueden continuar con confidence-only; el cambio debe referir 03 sin añadir campos obligatorios.,Una celda y lectura cruzada de 03/04/EA/RA.,research/ecosystem-awareness/baseline/00M_ABCD_AND_MATHEMATICAL_PLAUSIBILITY_v0.8_RESEARCH_NOTE.md | research/ecosystem-awareness/baseline/01C_EA_REGIME_AWARENESS_INTERFACE_ANNEX_v0.2.md | research/regime-awareness/README.md | standards/minimum-sufficient-control/03_MSCA_ECOSYSTEM_COMPOSITION_AND_CONTROL.md | standards/minimum-sufficient-control/04_CANONICAL_MSCA_OPERATION_AND_REPOSITIONING.md | research/ecosystem-awareness/baseline/01D_EA_MSCA_RA_OPERATION_COMPOSITION_PROFILE_v0.1.md | research/ecosystem-awareness/baseline/01J_ECOSYSTEM_SIGNALLING_SELECTIVE_DISCLOSURE_AND_CHOREOGRAPHED_REPOSITIONING_v0.1.md,Coordinar35/37 y el contexto entero; decidir si ampliar la fila mejora lectura sin volverla un contrato obligatorio nuevo. Decisión concreta de Iván; fuente original actualmente de sólo lectura.,standards/minimum-sufficient-control/README_VNext.md,standards/minimum-sufficient-control/README.md,0cbbec3e934e25cfcd4e0e79f92fb5d3ab491605,767b75b7670d248d40289776a1dabd000dc5d95d,1,0,No,Aclaración contextual acoplada,Coordinar35/37 y el contexto entero; decidir si ampliar la fila mejora lectura sin volverla un contrato obligatorio nuevo.,35 | 37
39,Acceso a trabajo adicional desde MSCA,Ya publicado,Histórico,Medio,Bajo,No nuevo,Histórico,Ya publicado,No,"Distinguir notas de dominio, historia y especificación vigente.",Duplicar el bloque confunde lectura canónica y adicional.,Publicado y verificado; no nueva incorporación.,standards/minimum-sufficient-control/ADDITIONAL_WORK_README.md,No volver a ejecutar. Decisión concreta de Iván; fuente original actualmente de sólo lectura.,standards/minimum-sufficient-control/README_VNext.md,standards/minimum-sufficient-control/README.md,0cbbec3e934e25cfcd4e0e79f92fb5d3ab491605,767b75b7670d248d40289776a1dabd000dc5d95d,1,0,No,Ya publicado,No volver a ejecutar.,
40,Tabla W1 presente distinta de todos los gates cerrados,Pendiente de decisión,Primera,Alto,Medio,Bajo,1 — Claridad de evidencia y estado,Plan parcial,No,Que una entrega de mapping no parezca adopción/validación de benchmark v0.3.,Corregir solo §12 deja estados desfasados en §§4/9/13/WORKPLAN; gates pendientes no se cumplen al redactarlos.,Una precisión y revisar estado documental en cuatro lugares.,research/ecosystem-awareness/baseline/00D_CANONICAL_ARCHITECTURE_BENCHMARK_v0.3_DRAFT_ECOSYSTEM_POSITIONING.md | research/ecosystem-awareness/baseline/00_REQUIREMENTS_VNEXT_REVIEW_AND_DELTA_v0.1_DRAFT.md | research/ecosystem-awareness/WORKPLAN.md | research/ecosystem-awareness/baseline/fixtures/RS-00E-Q1a/pre_registration_v0.5.md,"Concretar§§4/9/13 y WORKPLAN afectados; separar entrega de tabla, revisión de requisitos, promoción, bibliografía y ejecución. No promoverv0.3. Decisión concreta de Iván; fuente original actualmente de sólo lectura.",research/ecosystem-awareness/baseline/00D_CANONICAL_ARCHITECTURE_BENCHMARK_v0.3_DRAFT_ECOSYSTEM_POSITIONING.md,research/ecosystem-awareness/baseline/00D_CANONICAL_ARCHITECTURE_BENCHMARK_v0.3_DRAFT_ECOSYSTEM_POSITIONING.md,34720bc29438b51b733dcb233102869c52abf695,343652986cefc9b4869b8831e51a8aa106bc5f1d,1,0,No,Plan parcial,"Concretar§§4/9/13 y WORKPLAN afectados; separar entrega de tabla, revisión de requisitos, promoción, bibliografía y ejecución. No promoverv0.3.",41
41,Fijar admisión antes de ver resultados y conservar fallos,Pendiente de decisión,Primera,Alto,Alto,Alto,3 — Contratos y protocolo de evaluación,Cambio de protocolo; no listo,No,Evitar descartar retrospectivamente resultados adversos bajo non-conforming.,"Afecta protocolo, denominadores, estados y dueño de adjudicación; no cambia resultados congelados ni limpia pérdidas del candidato.",Adjudicación del protocolo y revisión de varios tipos de fallo antes de freeze; no ejecutar experimentos ahora.,research/ecosystem-awareness/baseline/00D_CANONICAL_ARCHITECTURE_BENCHMARK_v0.3_DRAFT_ECOSYSTEM_POSITIONING.md | research/ecosystem-awareness/baseline/00_REQUIREMENTS_VNEXT_REVIEW_AND_DELTA_v0.1_DRAFT.md | research/ecosystem-awareness/WORKPLAN.md | research/ecosystem-awareness/baseline/fixtures/RS-00E-Q1a/pre_registration_v0.5.md,"Preregistrar criterio de exclusión y dueño de adjudicación antes de outcomes, conservar fallos/timeouts/missing y comparadores competentes. Perfil/freeze futuro, ninguna campaña activada. Decisión concreta de Iván; fuente original actualmente de sólo lectura.",research/ecosystem-awareness/baseline/00D_CANONICAL_ARCHITECTURE_BENCHMARK_v0.3_DRAFT_ECOSYSTEM_POSITIONING.md,research/ecosystem-awareness/baseline/00D_CANONICAL_ARCHITECTURE_BENCHMARK_v0.3_DRAFT_ECOSYSTEM_POSITIONING.md,34720bc29438b51b733dcb233102869c52abf695,343652986cefc9b4869b8831e51a8aa106bc5f1d,1,0,No,Cambio de protocolo; no listo,"Preregistrar criterio de exclusión y dueño de adjudicación antes de outcomes, conservar fallos/timeouts/missing y comparadores competentes. Perfil/freeze futuro, ninguna campaña activada.",40 | 46 | 47 | 48
42,Justificar medida de información antes de usar sinergia,Pendiente de decisión,Siguiente,Medio,Medio,Medio,4 — Lectura humana y rutas,Aclaración opcional,No,Dar antecedente primario para por qué sinergia no tiene una medida universal transferible.,Añadir una referencia no selecciona automáticamente una medida correcta; perfiles/métricas pueden interpretar sinergia de modos distintos.,Verificar referencia y coherencia con §2.3/00M/métricas que la consuman; sin cálculo nuevo.,research/ecosystem-awareness/baseline/00N_FROM_MECHANISM_TO_REQUIREMENTS_SCIENTIFIC_PLAUSIBILITY_v0.7_RESEARCH_NOTE.md | research/ecosystem-awareness/baseline/00M_ABCD_AND_MATHEMATICAL_PLAUSIBILITY_v0.8_RESEARCH_NOTE.md,Conservar la edición primaria y separar lenguaje de sinergia de cálculo elegido/distribución/fidelidad; decidir si la cita mejora la nota. Decisión concreta de Iván; fuente original actualmente de sólo lectura.,research/ecosystem-awareness/baseline/00N_VNext.md,research/ecosystem-awareness/baseline/00N_FROM_MECHANISM_TO_REQUIREMENTS_SCIENTIFIC_PLAUSIBILITY_v0.7_RESEARCH_NOTE.md,b4e011d8e0d9a5beb8258ca572e504520140c883,b4e011d8e0d9a5beb8258ca572e504520140c883,1,0,No,Aclaración opcional,Conservar la edición primaria y separar lenguaje de sinergia de cálculo elegido/distribución/fidelidad; decidir si la cita mejora la nota.,
43,Precisar rol efectivo frente a rol vinculado,Por concretar; sin par literal,Primera,Alto,Alto,Alto,"2 — Coherencia entre RA, EA y MSCA",Trabajo por concretar,No,Detectar deriva funcional sin convertir conducta o capacidad en autoridad.,Puede ampliar S7/S10/S12/S13 y reinterpretar trazas previas; la observación no prueba legitimidad.,Acordar obligación versus aclaración y fuente/consumidores; redactar antes/después de una edición futura.,research/ecosystem-awareness/baseline/00M_ABCD_AND_MATHEMATICAL_PLAUSIBILITY_v0.8_RESEARCH_NOTE.md | research/ecosystem-awareness/baseline/01C_EA_REGIME_AWARENESS_INTERFACE_ANNEX_v0.2.md | research/regime-awareness/README.md | standards/minimum-sufficient-control/03_MSCA_ECOSYSTEM_COMPOSITION_AND_CONTROL.md | standards/minimum-sufficient-control/04_CANONICAL_MSCA_OPERATION_AND_REPOSITIONING.md | research/ecosystem-awareness/baseline/01D_EA_MSCA_RA_OPERATION_COMPOSITION_PROFILE_v0.1.md | research/ecosystem-awareness/baseline/01J_ECOSYSTEM_SIGNALLING_SELECTIVE_DISCLOSURE_AND_CHOREOGRAPHED_REPOSITIONING_v0.1.md,"Localizar la laguna real frente aS7/S10/S12/S13/S14 yRole/Operation; si ya cubierta, no crear nuevo requisito. Concretar sólo después de adjudicar obligación versus realización. Decisión concreta de Iván; fuente original actualmente de sólo lectura.",research/ecosystem-awareness/baseline/00_REQUIREMENTS_VNEXT_REVIEW_AND_DELTA_v0.1_DRAFT.md,research/ecosystem-awareness/baseline/00_REQUIREMENTS_VNEXT_REVIEW_AND_DELTA_v0.1_DRAFT.md,a8ebfc8abe61fb569a658c722bcb714371f1693d,cc6b35de75867839b9419521bc9c1075221e38ca,,,No,Trabajo por concretar,"Localizar la laguna real frente aS7/S10/S12/S13/S14 yRole/Operation; si ya cubierta, no crear nuevo requisito. Concretar sólo después de adjudicar obligación versus realización.",16 | 19
44,"Hacer visible oportunidad, admisibilidad, autoridad y ejecución",Por concretar; sin par literal,Siguiente,Medio,Medio,Medio,4 — Lectura humana y rutas,Trabajo por concretar,No,Mostrar una separación ya distribuida en los requisitos.,Podría introducir una capa universal o confundir la ilustración con un nuevo requisito/permiso.,Una ayuda de lectura y cotejo S/T/00H; elegir ficha o futura edición.,research/ecosystem-awareness/baseline/00_CANONICAL_REQUIREMENTS_CHALLENGES_SUFFICIENCY_HYPOTHESES_KPIS.md | research/ecosystem-awareness/baseline/00H_FAILURE_MODE_BATCH_OPPORTUNITY_BEYOND_AUTHORITY_v0.5_DRAFT.md,CotejarS1/S2/S8/S11/T3 y 60 antes de ampliar vocabulario. Seleccionar pasaje literal sólo si la exposición actual no basta. Decisión concreta de Iván; fuente original actualmente de sólo lectura.,research/ecosystem-awareness/baseline/00_REQUIREMENTS_VNEXT_REVIEW_AND_DELTA_v0.1_DRAFT.md,research/ecosystem-awareness/baseline/00_REQUIREMENTS_VNEXT_REVIEW_AND_DELTA_v0.1_DRAFT.md,a8ebfc8abe61fb569a658c722bcb714371f1693d,cc6b35de75867839b9419521bc9c1075221e38ca,,,No,Trabajo por concretar,CotejarS1/S2/S8/S11/T3 y 60 antes de ampliar vocabulario. Seleccionar pasaje literal sólo si la exposición actual no basta.,60
45,Aclarar autorización del efecto compuesto,Por concretar; sin par literal,Primera,Alto,Alto,Alto,3 — Contratos y protocolo de evaluación,Trabajo por concretar,No,Evitar que autorizaciones atómicas legitimen una campaña fuera del grant.,Elegir agregación universal o ledger central puede cambiar autoridad y scopes de otras ramas; el dueño legítimo fija la frontera.,"Precisar unidad material, conservar S/T y probar correspondencia de casos antes de una edición.",research/ecosystem-awareness/baseline/00_CANONICAL_REQUIREMENTS_CHALLENGES_SUFFICIENCY_HYPOTHESES_KPIS.md | research/ecosystem-awareness/baseline/00H_FAILURE_MODE_BATCH_OPPORTUNITY_BEYOND_AUTHORITY_v0.5_DRAFT.md,Caso de permisos incompatibles y dueño legítimo; comprobarS1/S8/ACC sin inventar regla universal de agregación ni consentimientos. Decisión concreta de Iván; fuente original actualmente de sólo lectura.,research/ecosystem-awareness/baseline/00_REQUIREMENTS_VNEXT_REVIEW_AND_DELTA_v0.1_DRAFT.md,research/ecosystem-awareness/baseline/00_REQUIREMENTS_VNEXT_REVIEW_AND_DELTA_v0.1_DRAFT.md,a8ebfc8abe61fb569a658c722bcb714371f1693d,cc6b35de75867839b9419521bc9c1075221e38ca,,,No,Trabajo por concretar,Caso de permisos incompatibles y dueño legítimo; comprobarS1/S8/ACC sin inventar regla universal de agregación ni consentimientos.,
46,Preparar envolvente UC4 y sidecar R01,Por concretar; sin par literal,Primera,Alto,Alto,Alto,3 — Contratos y protocolo de evaluación,Etapa posterior; no parche,No,Hacer revisable la correspondencia completa con UC4.,Confundir sidecar con experiment.json o validator-pass con admisión; contrato externo/versiones pueden cambiar.,"Mapping/ejemplo completo, validador fijado y preguntas de owner; coste externo aún no estimable.",research/ecosystem-awareness/baseline/reductions/00G-R01/oracle/UC4_INTEROPERABILITY_PROFILE.md | research/ecosystem-awareness/baseline/reductions/00G-R01/oracle/NELSON_BASELINE_IMPORT.md,"Contrato/source pin, mapping sintáctico y semántico, estadosunknown y source review; definir sucesor/alcance antes de 47. Tareas1/2 mantienen su cierre acotado. Decisión concreta de Iván; fuente original actualmente de sólo lectura.",research/ecosystem-awareness/baseline/reductions/00G-R01/oracle/README_VNext.md,research/ecosystem-awareness/baseline/reductions/00G-R01/oracle/README_VNext.md,b6a7c667ae31059fe29183381ee607df2c2c53e1,854d99428f29cb806efb8ac8be096db677c89765,,,No,Etapa posterior; no parche,"Contrato/source pin, mapping sintáctico y semántico, estadosunknown y source review; definir sucesor/alcance antes de 47. Tareas1/2 mantienen su cierre acotado.",24 | 19
47,Diseñar primer perfil propio de instrumento,Por concretar; sin par literal,Siguiente,Alto,Alto,Alto,3 — Contratos y protocolo de evaluación,Etapa posterior; no parche,No,Comprobar una conservación de predicados en un dominio pequeño antes de extender.,"Un adapter puede perder verdad, operación o efecto y mezclar resultados históricos; controles verdes no lo justifican solos.","Perfil/adaptador acotado, correspondencia y controles; ingeniería/ejecución fuera de esta revisión.",research/ecosystem-awareness/baseline/reductions/00G-R01/oracle/README.md | research/ecosystem-awareness/baseline/fixtures/00I-STATEFUL/README.md | research/ecosystem-awareness/baseline/fixtures/RS-00E-Q1a/README.md,"Depende de 46; declarar entradas, operador, efecto, oráculo privado, costes y stop/acceptance antes de instrumentar. Nada se ejecuta en esta revisión. Decisión concreta de Iván; fuente original actualmente de sólo lectura.",research/ecosystem-awareness/baseline/reductions/00G-R01/oracle/README_VNext.md,research/ecosystem-awareness/baseline/reductions/00G-R01/oracle/README_VNext.md,b6a7c667ae31059fe29183381ee607df2c2c53e1,854d99428f29cb806efb8ac8be096db677c89765,,,No,Etapa posterior; no parche,"Depende de 46; declarar entradas, operador, efecto, oráculo privado, costes y stop/acceptance antes de instrumentar. Nada se ejecuta en esta revisión.",46
48,Completar fidelidad del evaluador en perfil admitido,Por concretar; sin par literal,Primera,Alto,Alto,Alto,3 — Contratos y protocolo de evaluación,Etapa posterior; no parche,No,Evitar que un instrumento evalúe otra pregunta o compare costes incompatibles.,Ampliar fidelidad más allá del dominio o atribuir independencia al mismo autor sesga el comparador.,"Cláusula–predicado–referencia–control, ledger y revisión que falte; calendario externo desconocido.",research/ecosystem-awareness/baseline/reductions/00G-R01/oracle/README.md | research/ecosystem-awareness/baseline/reductions/00G-R01/COMPUTABILITY_AND_ORACLE_PLAN.md,"Depende de 46/47; contrastar contrato del escenario, métricas/efecto/tiempo y control positivo/negativo. No renombrarcompletion como entrega legítima. Decisión concreta de Iván; fuente original actualmente de sólo lectura.",research/ecosystem-awareness/baseline/reductions/00G-R01/oracle/README_VNext.md,research/ecosystem-awareness/baseline/reductions/00G-R01/oracle/README_VNext.md,b6a7c667ae31059fe29183381ee607df2c2c53e1,854d99428f29cb806efb8ac8be096db677c89765,,,No,Etapa posterior; no parche,"Depende de 46/47; contrastar contrato del escenario, métricas/efecto/tiempo y control positivo/negativo. No renombrarcompletion como entrega legítima.",46 | 47
49,Extender solo lo necesario a otras familias,Por concretar; sin par literal,Después,Medio,Alto,Alto,3 — Contratos y protocolo de evaluación,Etapa posterior; condicional,No,Reutilizar una propiedad necesaria sin empezar otro instrumento.,"Scope creep, duplicación de campañas y trasvase de resultados de 00L/C3/00G-HF; versiones divergen.","Perfiles/versiones y controles por familia, después del piloto; no estimar coste global sin elegir necesidad.",research/ecosystem-awareness/baseline/00L_REINFORCED_PAPER_TRAVERSALS_00E_00J_v0.1/README.md | research/ecosystem-awareness/baseline/fixtures/00G-HF-ORACLE-v0.4/README.md | research/ecosystem-awareness/baseline/reductions/00G-R01/oracle/README.md,Sólo extender tras48 y por una laguna concreta; conservar leyes/resultados originales y declarar interfaz/versiones. No ampliar por completar una lista. Decisión concreta de Iván; fuente original actualmente de sólo lectura.,research/ecosystem-awareness/baseline/reductions/00G-R01/oracle/README_VNext.md,research/ecosystem-awareness/baseline/reductions/00G-R01/oracle/README_VNext.md,b6a7c667ae31059fe29183381ee607df2c2c53e1,854d99428f29cb806efb8ac8be096db677c89765,,,No,Etapa posterior; condicional,Sólo extender tras48 y por una laguna concreta; conservar leyes/resultados originales y declarar interfaz/versiones. No ampliar por completar una lista.,48
50,Registrar una campaña concreta,Por concretar; sin par literal,Después,Alto,Alto,No estimable todavía,3 — Contratos y protocolo de evaluación,Etapa posterior; coste no estimable,No,"Fijar comparadores, recursos, fallos y parada antes de observar resultados.",Registro mal planteado puede sesgar la comparación o reabrir un trabajo abortado.,"Depende de tecnología, alcance, fuente/modelo y revisión humana elegidos; sin importe ni horas inventados.",research/ecosystem-awareness/baseline/reductions/00G-R01/feasibility/WORKPLAN.md | research/ecosystem-awareness/baseline/reductions/00G-R01/oracle/README.md,"Cerrar46–49 pertinentes, preregistro/freeze, adjudicación y autoridad de ejecución. Mantener como plan futuro sin inventar par ni presupuesto. Decisión concreta de Iván; fuente original actualmente de sólo lectura.",research/ecosystem-awareness/baseline/reductions/00G-R01/oracle/README_VNext.md,research/ecosystem-awareness/baseline/reductions/00G-R01/oracle/README_VNext.md,b6a7c667ae31059fe29183381ee607df2c2c53e1,854d99428f29cb806efb8ac8be096db677c89765,,,No,Etapa posterior; coste no estimable,"Cerrar46–49 pertinentes, preregistro/freeze, adjudicación y autoridad de ejecución. Mantener como plan futuro sin inventar par ni presupuesto.",46 | 47 | 48 | 49
51,Evaluar una realización real elegida,Por concretar; sin par literal,Después,Alto,Alto,No estimable todavía,3 — Contratos y protocolo de evaluación,Etapa posterior; coste no estimable,No,Producir evidencia real en vez de transferir self-test de instrumento.,"Aislamiento, capacidad humana, comparadores, coste real y recursos pueden invalidar la interpretación.",No estimable sin realización/configuración y autorización; presupuesto y disponibilidad no asumidos.,research/ecosystem-awareness/baseline/reductions/00G-R01/feasibility/WORKPLAN.md | research/ecosystem-awareness/baseline/reductions/00G-R01/oracle/ISOLATION_CONTRACT.md,"Membresía/fidelidad, derechos, autoridad, trust roots y alcance elegido; sólo después de los gates anteriores aplicables. No asignar/mandar trabajo a terceros. Decisión concreta de Iván; fuente original actualmente de sólo lectura.",research/ecosystem-awareness/baseline/reductions/00G-R01/oracle/README_VNext.md,research/ecosystem-awareness/baseline/reductions/00G-R01/oracle/README_VNext.md,b6a7c667ae31059fe29183381ee607df2c2c53e1,854d99428f29cb806efb8ac8be096db677c89765,,,No,Etapa posterior; coste no estimable,"Membresía/fidelidad, derechos, autoridad, trust roots y alcance elegido; sólo después de los gates anteriores aplicables. No asignar/mandar trabajo a terceros.",50
52,Calificar la cartografía al recibirla en RA,Pendiente de decisión,Siguiente,Medio,Medio,Medio,"2 — Coherencia entre RA, EA y MSCA",Aclaración opcional,No,Hacer explícita en la frase de frontera una calificación ya prevista por el contexto de la fuente.,Una nota repetida puede agregar carga o leerse como contrato nuevo aunque Composition ya conserva scope/evidencia/vigencia; mantenerlo como claridad de lectura.,Lectura/cotejo de los dos extremos y decidir si el contexto actual basta; no requiere integración nueva por la sola frase.,standards/minimum-sufficient-control/03_MSCA_ECOSYSTEM_COMPOSITION_AND_CONTROL.md | standards/minimum-sufficient-control/03_COMPOSITION_VNext.md | research/ecosystem-awareness/baseline/01C_EA_REGIME_AWARENESS_INTERFACE_ANNEX_v0.2.md | research/ecosystem-awareness/baseline/01D_EA_MSCA_RA_OPERATION_COMPOSITION_PROFILE_v0.1.md | research/ecosystem-awareness/baseline/00M_ABCD_AND_MATHEMATICAL_PLAUSIBILITY_v0.8_RESEARCH_NOTE.md,52/53 deben concordar si se eligen; admitir que no incorporar ninguna adición. Mantener qualifiers sin ampliar el payload universal. Decisión concreta de Iván; fuente original actualmente de sólo lectura.,research/ecosystem-awareness/baseline/01C_VNext.md,research/ecosystem-awareness/baseline/01C_EA_REGIME_AWARENESS_INTERFACE_ANNEX_v0.2.md,95adebcd98c443f16d96feda1e2a7962853e7e93,95adebcd98c443f16d96feda1e2a7962853e7e93,1,0,No,Aclaración opcional,52/53 deben concordar si se eligen; admitir que no incorporar ninguna adición. Mantener qualifiers sin ampliar el payload universal.,53
53,Conservar la calificación al enviar Cart_i a RA,Pendiente de decisión,Siguiente,Medio,Medio,Medio,"2 — Coherencia entre RA, EA y MSCA",Aclaración opcional,No,Hacer explícita en la frase de frontera una calificación ya prevista por el contexto de la fuente.,Una nota repetida puede agregar carga o leerse como contrato nuevo aunque Composition ya conserva scope/evidencia/vigencia; mantenerlo como claridad de lectura.,Lectura/cotejo de los dos extremos y decidir si el contexto actual basta; no requiere integración nueva por la sola frase.,research/ecosystem-awareness/baseline/01C_EA_REGIME_AWARENESS_INTERFACE_ANNEX_v0.2.md | research/ecosystem-awareness/baseline/01C_VNext.md | standards/minimum-sufficient-control/03_MSCA_ECOSYSTEM_COMPOSITION_AND_CONTROL.md | research/ecosystem-awareness/baseline/01D_EA_MSCA_RA_OPERATION_COMPOSITION_PROFILE_v0.1.md,"Leer§§3/8/10.1/10.4/13/18 con 52; añadir sólo si aporta claridad, no una nueva semántica obligatoria. Decisión concreta de Iván; fuente original actualmente de sólo lectura.",standards/minimum-sufficient-control/03_COMPOSITION_VNext.md,standards/minimum-sufficient-control/03_MSCA_ECOSYSTEM_COMPOSITION_AND_CONTROL.md,0366cbd184149235005dc2236b3da7e4c394ed3e,0366cbd184149235005dc2236b3da7e4c394ed3e,1,0,No,Aclaración opcional,"Leer§§3/8/10.1/10.4/13/18 con 52; añadir sólo si aporta claridad, no una nueva semántica obligatoria.",52
54,Separar rol vinculado y conducta observada al entrar en RA,Pendiente de decisión,Siguiente,Medio,Medio,Medio,"2 — Coherencia entre RA, EA y MSCA",Aclaración opcional,No,Aclarar para un lector la distinción ya establecida de rol contractual y conducta efectiva.,Modificar aisladamente la frase puede parecer corrección de un significado que el propio Role/Operation ya distingue; evitar nueva semántica obligatoria.,Lectura/cotejo de los dos extremos y decidir si el contexto actual basta; no requiere integración nueva por la sola frase.,standards/minimum-sufficient-control/02_MSCA_ARCHITECTURAL_ROLE.md | standards/minimum-sufficient-control/02_ROLE_VNext.md | standards/minimum-sufficient-control/04_CANONICAL_MSCA_OPERATION_AND_REPOSITIONING.md | standards/minimum-sufficient-control/04_OPERATION_VNext.md | standards/minimum-sufficient-control/03_MSCA_ECOSYSTEM_COMPOSITION_AND_CONTROL.md,CotejarRole/Operation/01C juntos; no confundir binding legítimo con función observada. Mantener la opción de no incorporar. Decisión concreta de Iván; fuente original actualmente de sólo lectura.,research/ecosystem-awareness/baseline/01C_VNext.md,research/ecosystem-awareness/baseline/01C_EA_REGIME_AWARENESS_INTERFACE_ANNEX_v0.2.md,95adebcd98c443f16d96feda1e2a7962853e7e93,95adebcd98c443f16d96feda1e2a7962853e7e93,1,0,No,Aclaración opcional,CotejarRole/Operation/01C juntos; no confundir binding legítimo con función observada. Mantener la opción de no incorporar.,
55,Acceso a revisión de Role y Composition,Ya publicado,Histórico,Medio,Bajo,Bajo,Histórico,Ya publicado,No,Acceder a los dos expedientes sin alterar sus fuentes.,Evitar duplicar ruta o convertir una nota de revisión en fuente normativa; fuente/cuerpo actual preservados.,Dos enlaces y comprobación de rutas/preservación.,standards/minimum-sufficient-control/02_ROLE_REVIEW_CARD.md | standards/minimum-sufficient-control/03_COMPOSITION_REVIEW_CARD.md,"Adición de navegación autorizada, verificación de publicación y texto; no decisión de incorporación técnica. Decisión concreta de Iván; fuente original actualmente de sólo lectura.",standards/minimum-sufficient-control/README_VNext.md,standards/minimum-sufficient-control/README.md,0cbbec3e934e25cfcd4e0e79f92fb5d3ab491605,767b75b7670d248d40289776a1dabd000dc5d95d,1,0,No,Ya publicado,"Adición de navegación autorizada, verificación de publicación y texto; no decisión de incorporación técnica.",
56,Corregir el título duplicado de D_Cart,Pendiente de decisión,Después,Bajo,Medio,Bajo,4 — Lectura humana y rutas,Editorial condicionado,No,Que el encabezado de §3.4 sea legible sin duplicar el nombre del componente.,"Cambiar el título cambia el slug del ancla; no se encontraron enlaces locales a ese fragmento en el grafo del corte, pero pueden existir referencias externas o históricas.","Un encabezado, control de referencias/anclas y preservación de la versión previa; no cambios de significado.",standards/minimum-sufficient-control/03_MSCA_ECOSYSTEM_COMPOSITION_AND_CONTROL.md | standards/minimum-sufficient-control/README.md,Inventariar enlaces al slug anterior y resolver compatibilidad de ancla antes de decidir; no renombrar la sección por limpieza aislada. Decisión concreta de Iván; fuente original actualmente de sólo lectura.,standards/minimum-sufficient-control/03_COMPOSITION_VNext.md,standards/minimum-sufficient-control/03_MSCA_ECOSYSTEM_COMPOSITION_AND_CONTROL.md,0366cbd184149235005dc2236b3da7e4c394ed3e,0366cbd184149235005dc2236b3da7e4c394ed3e,1,1,No,Editorial condicionado,Inventariar enlaces al slug anterior y resolver compatibilidad de ancla antes de decidir; no renombrar la sección por limpieza aislada.,61
57,Precisar cómo se compara un gradiente vectorial,Pendiente de decisión,Primera,Alto,Alto,Alto,"2 — Coherencia entre RA, EA y MSCA",Cambio acoplado; no listo,No,Evitar declarar positiva una alternativa que mejora un objetivo y empeora otro sin regla legítima.,Afecta significado matemático y rankings de Gradient/Operation/Architecture/01D.,"Esfuerzo Alto: además de redactar, leer y conciliar productor, receptores, perfiles/materiales y casos límite; comprobar compatibilidad y mantenimiento de versiones antes de una decisión.",architectural-contributions/ecosystem-positioning/01_OBJECTIVE_CONDITIONED_AGENTIC_GRADIENT_LAW.md | standards/minimum-sufficient-control/04_CANONICAL_MSCA_OPERATION_AND_REPOSITIONING.md | standards/minimum-sufficient-control/00_CANONICAL_MSCA_ARCHITECTURE.md,"57→58→59; casos escalar,vector incomparable, empate y restricciones duras, sin probabilidades fabricadas sobreC/D; revisar perfiles consumidores. Decisión concreta de Iván; fuente original actualmente de sólo lectura.",architectural-contributions/ecosystem-positioning/01_GRADIENT_VNext.md,architectural-contributions/ecosystem-positioning/01_OBJECTIVE_CONDITIONED_AGENTIC_GRADIENT_LAW.md,330cbdab2fa8ca0cb162f480f2ab83b06485a1f8,330cbdab2fa8ca0cb162f480f2ab83b06485a1f8,1,0,No,Cambio acoplado; no listo,"57→58→59; casos escalar,vector incomparable, empate y restricciones duras, sin probabilidades fabricadas sobreC/D; revisar perfiles consumidores.",58 | 59
58,Conservar alternativas y casos sin máximo en la selección,Pendiente de decisión,Primera,Alto,Alto,Alto,"2 — Coherencia entre RA, EA y MSCA",Cambio acoplado; no listo,No,"Evitar que argmax implique ganador único o existente cuando falta orden, candidatos o evidencia.",Empates y fallback pueden alterar contratos/resultados; conjuntos sujetos a ACC/autoridad vigentes.,"Esfuerzo Alto: además de redactar, leer y conciliar productor, receptores, perfiles/materiales y casos límite; comprobar compatibilidad y mantenimiento de versiones antes de una decisión.",architectural-contributions/ecosystem-positioning/01_OBJECTIVE_CONDITIONED_AGENTIC_GRADIENT_LAW.md | standards/minimum-sufficient-control/04_CANONICAL_MSCA_OPERATION_AND_REPOSITIONING.md | standards/minimum-sufficient-control/00_CANONICAL_MSCA_ARCHITECTURE.md,"Depende de 57; conservar conjuntos/incomparabilidad/no máximo y fallback del perfil legítimo, no regla global; cotejar59/Architecture. Decisión concreta de Iván; fuente original actualmente de sólo lectura.",architectural-contributions/ecosystem-positioning/01_GRADIENT_VNext.md,architectural-contributions/ecosystem-positioning/01_OBJECTIVE_CONDITIONED_AGENTIC_GRADIENT_LAW.md,330cbdab2fa8ca0cb162f480f2ab83b06485a1f8,330cbdab2fa8ca0cb162f480f2ab83b06485a1f8,1,0,No,Cambio acoplado; no listo,"Depende de 57; conservar conjuntos/incomparabilidad/no máximo y fallback del perfil legítimo, no regla global; cotejar59/Architecture.",57 | 59
59,Mantener en Operation el perfil de comparación del gradiente,Pendiente de decisión,Primera,Alto,Alto,Alto,"2 — Coherencia entre RA, EA y MSCA",Cambio acoplado; no listo,No,Que el consumidor no universalice lo que la fuente delimita.,Puede desactualizar perfiles y decisiones esperadas; no cambia permisos/posturas.,"Esfuerzo Alto: además de redactar, leer y conciliar productor, receptores, perfiles/materiales y casos límite; comprobar compatibilidad y mantenimiento de versiones antes de una decisión.",architectural-contributions/ecosystem-positioning/01_OBJECTIVE_CONDITIONED_AGENTIC_GRADIENT_LAW.md | standards/minimum-sufficient-control/04_CANONICAL_MSCA_OPERATION_AND_REPOSITIONING.md | standards/minimum-sufficient-control/00_CANONICAL_MSCA_ARCHITECTURE.md,"57/58 antes o junto a 59; mantener evidencia, hard constraints y permiso externos. No prometer algoritmo computable o ganador único. Decisión concreta de Iván; fuente original actualmente de sólo lectura.",standards/minimum-sufficient-control/04_OPERATION_VNext.md,standards/minimum-sufficient-control/04_CANONICAL_MSCA_OPERATION_AND_REPOSITIONING.md,88a4ea7e1eec2c9f2b3f2dbe0d15f64087e1265c,eb89ff9925434ba8480929da70871bbbf4cd1af9,1,0,No,Cambio acoplado; no listo,"57/58 antes o junto a 59; mantener evidencia, hard constraints y permiso externos. No prometer algoritmo computable o ganador único.",57 | 58
60,"Decir que P3 identifica una necesidad, sin verbo de autorización",Pendiente de decisión,Siguiente,Medio,Medio,Bajo,3 — Contratos y protocolo,Aclaración opcional preparada,Sí,Evitar que authorize se lea como autoridad creada por la postura.,§§13/14/25 ya protegen la autoridad externa; no transformar la nota en nuevo gate.,Pasaje corto con cotejo de Gradient§8 y ACC§§5/7; preservación.,architectural-contributions/ecosystem-positioning/01_OBJECTIVE_CONDITIONED_AGENTIC_GRADIENT_LAW.md | standards/minimum-sufficient-control/04_CANONICAL_MSCA_OPERATION_AND_REPOSITIONING.md | standards/minimum-sufficient-control/00_CANONICAL_MSCA_ARCHITECTURE.md,"LeerP3 ygatesACC/autoridad, conRole/ACC. La decisión puede ser no añadir porque la frontera ya está protegida. Decisión concreta de Iván; fuente original actualmente de sólo lectura.",standards/minimum-sufficient-control/04_OPERATION_VNext.md,standards/minimum-sufficient-control/04_CANONICAL_MSCA_OPERATION_AND_REPOSITIONING.md,88a4ea7e1eec2c9f2b3f2dbe0d15f64087e1265c,eb89ff9925434ba8480929da70871bbbf4cd1af9,1,0,No,Aclaración opcional preparada,"LeerP3 ygatesACC/autoridad, conRole/ACC. La decisión puede ser no añadir porque la frontera ya está protegida.",
61,Corregir el título duplicado de residual en Gradient,Pendiente de decisión,Después,Bajo,Medio,Bajo,4 — Lectura humana y rutas,Editorial condicionado,No,Leer una vez el título del apartado D.,Cambia el slug; comprobar referencias o preservar ancla compatible.,"Título y enlaces de fragmento, preservación; semántica intacta.",architectural-contributions/ecosystem-positioning/01_OBJECTIVE_CONDITIONED_AGENTIC_GRADIENT_LAW.md | standards/minimum-sufficient-control/04_CANONICAL_MSCA_OPERATION_AND_REPOSITIONING.md | standards/minimum-sufficient-control/00_CANONICAL_MSCA_ARCHITECTURE.md,Comprobar slug y referencias antes de un cambio futuro. No tocar significadoD ni deducir cierre de 57/58. Decisión concreta de Iván; fuente original actualmente de sólo lectura.,architectural-contributions/ecosystem-positioning/01_GRADIENT_VNext.md,architectural-contributions/ecosystem-positioning/01_OBJECTIVE_CONDITIONED_AGENTIC_GRADIENT_LAW.md,330cbdab2fa8ca0cb162f480f2ab83b06485a1f8,330cbdab2fa8ca0cb162f480f2ab83b06485a1f8,1,2,No,Editorial condicionado,Comprobar slug y referencias antes de un cambio futuro. No tocar significadoD ni deducir cierre de 57/58.,56
62,Enlazar fichas de revisión de Architecture y ACC,Ya publicado,Histórico,Medio,Bajo,Bajo,Histórico,Ya publicado,No,Acceso humano a la revisión sin modificar la fuente.,No duplicar notas de navegación; fichas no conceden autoridad o cierre.,Adición corta y comprobación de enlaces/preservación.,standards/minimum-sufficient-control/00_ARCHITECTURE_REVIEW_CARD.md | standards/minimum-sufficient-control/01_ACC_REVIEW_CARD.md,No volver a ejecutar tras publicación/readback; sólo navegación ya autorizada. Decisión concreta de Iván; fuente original actualmente de sólo lectura.,standards/minimum-sufficient-control/README_VNext.md,standards/minimum-sufficient-control/README.md,64a82af9d51515f21fc5300636e844beeceffcab,767b75b7670d248d40289776a1dabd000dc5d95d,1,1,No,Ya publicado,No volver a ejecutar tras publicación/readback; sólo navegación ya autorizada.,
63,Enlazar ficha externa de participación ACC01I,Ya publicado,Histórico,Medio,Bajo,Bajo,Histórico,Ya publicado,No,Acceso humano a la revisión sin modificar la fuente.,No duplicar notas de navegación; fichas no conceden autoridad o cierre.,Adición corta y comprobación de enlaces/preservación.,research/ecosystem-awareness/baseline/01I_REVIEW_CARD.md,No volver a ejecutar tras publicación/readback; sólo navegación ya autorizada. Decisión concreta de Iván; fuente original actualmente de sólo lectura.,research/ecosystem-awareness/baseline/README_VNext.md,research/ecosystem-awareness/baseline/README.md,e8e2c21f5cc90da6f19f3ba6b637d56e9a8b7c0c,a764abcf9330575c1a4b9a078856dfb83affc950,1,1,No,Ya publicado,No volver a ejecutar tras publicación/readback; sólo navegación ya autorizada.,
64,Evitar doble conteo de trabajo comprometido en HID,SUPERSEDED / NOT PENDING,Histórico,Alto,Alto,Medio,Histórico,Superado por la fuente,No,Que una reserva dentro de capacidad no produzca deuda por contarla dos veces.,Puede cambiar clasificación/human routing y comparacionesHEW/UC03; requiere fijar total frente a incremental.,"Conciliar ledger, ventana, unidades y consumidores; no recalcular resultados congelados.",research/ecosystem-awareness/baseline/01K_HUMAN_INTELLIGENCE_CAPACITY_ESCALATION_AND_DEBT_PROFILE_v0.1.md | standards/minimum-sufficient-control/04_CANONICAL_MSCA_OPERATION_AND_REPOSITIONING.md | research/ecosystem-awareness/baseline/01J_ECOSYSTEM_SIGNALLING_SELECTIVE_DISCLOSURE_AND_CHOREOGRAPHED_REPOSITIONING_v0.1.md,Conservar el antes histórico y no reutilizar su fórmula como HID. Examinar la nueva serie/componente dentro de 01K antes de proponer algo contra la fuente actual. Decisión concreta de Iván; fuente original actualmente de sólo lectura.,research/ecosystem-awareness/baseline/01K_VNext.md,research/ecosystem-awareness/baseline/01K_HUMAN_INTELLIGENCE_CAPACITY_ESCALATION_AND_DEBT_PROFILE_v0.1.md,38fcb757c662e2ea40ca24865f90cad2cca4bc98,e52ed065c5d217da73634c7eb28d26c5d990abae,0,0,No,Superado por la fuente,Conservar el antes histórico y no reutilizar su fórmula como HID. Examinar la nueva serie/componente dentro de 01K antes de proponer algo contra la fuente actual.,67
65,Separar dos lecturas en el índice de extensiones,RESOLVED BY LATER INTEGRATION,Histórico,Medio,Bajo,Bajo,Histórico,Resuelto mediante otra edición,No,Que01K y el predecessor01J se lean como entradas separadas.,No alterar status/links o confundir successor y predecessor al corregir el separador.,Línea concreta y readback visual/Markdown; fuente previa preservada.,research/ecosystem-awareness/baseline/01K_HUMAN_INTELLIGENCE_CAPACITY_ESCALATION_AND_DEBT_PROFILE_v0.1.md | standards/minimum-sufficient-control/04_CANONICAL_MSCA_OPERATION_AND_REPOSITIONING.md | research/ecosystem-awareness/baseline/01J_ECOSYSTEM_SIGNALLING_SELECTIVE_DISCLOSURE_AND_CHOREOGRAPHED_REPOSITIONING_v0.1.md,No ejecutar65 otra vez ni copiar su descripción obsoletaHIT/HID. Registro funcional resuelto; la coincidencia exacta vieja/después es0/0. Decisión concreta de Iván; fuente original actualmente de sólo lectura.,research/ecosystem-awareness/baseline/README_VNext.md,research/ecosystem-awareness/baseline/README.md,7ed07825cb83779afc83ca609fce12f145d808dc,a764abcf9330575c1a4b9a078856dfb83affc950,0,0,No,Resuelto mediante otra edición,No ejecutar65 otra vez ni copiar su descripción obsoletaHIT/HID. Registro funcional resuelto; la coincidencia exacta vieja/después es0/0.,
66,Explicar el cuarto propietario de extensión en el resumen,RESOLVED BY LATER INTEGRATION,Histórico,Medio,Medio,Bajo,Histórico,Resuelto mediante otra edición,No,Que el relato incluya01K y conserve su dueño sin volverlo coreEA.,Puede quedar incoherente con EP/EA entry/Operation/01J si se presenta como validado o kernel.,Cotejo breve del estado/owner de 01K y rutas relacionadas; no nueva jerarquía.,research/ecosystem-awareness/baseline/01K_HUMAN_INTELLIGENCE_CAPACITY_ESCALATION_AND_DEBT_PROFILE_v0.1.md | standards/minimum-sufficient-control/04_CANONICAL_MSCA_OPERATION_AND_REPOSITIONING.md | research/ecosystem-awareness/baseline/01J_ECOSYSTEM_SIGNALLING_SELECTIVE_DISCLOSURE_AND_CHOREOGRAPHED_REPOSITIONING_v0.1.md,No volver a ejecutar66 ni tratar la redacción anterior como autoridad de la versión actual. Decisión concreta de Iván; fuente original actualmente de sólo lectura.,research/ecosystem-awareness/baseline/README_VNext.md,research/ecosystem-awareness/baseline/README.md,7ed07825cb83779afc83ca609fce12f145d808dc,a764abcf9330575c1a4b9a078856dfb83affc950,0,0,No,Resuelto mediante otra edición,No volver a ejecutar66 ni tratar la redacción anterior como autoridad de la versión actual.,
67,Limitar la aritmética HIT a unidades aditivas declaradas,SUPERSEDED / NOT PENDING,Histórico,Alto,Alto,Medio,Histórico,Superado por la fuente,No,Que aceptar clases ordinales no legitime restas o precisión cognitiva inexistente.,Afecta medición y estados que consumenOperation/01J/UC03/HEW; no inventar conversión universal.,"Declarar escala, additivity/overlap y ventanas, contraste con calibración; sin pruebas con humanos.",research/ecosystem-awareness/baseline/01K_HUMAN_INTELLIGENCE_CAPACITY_ESCALATION_AND_DEBT_PROFILE_v0.1.md | standards/minimum-sufficient-control/04_CANONICAL_MSCA_OPERATION_AND_REPOSITIONING.md | research/ecosystem-awareness/baseline/01J_ECOSYSTEM_SIGNALLING_SELECTIVE_DISCLOSURE_AND_CHOREOGRAPHED_REPOSITIONING_v0.1.md,"Conservar historia y no recrear64/67. RevisarHC runtime y HID arquitectura separadamente, con fuentes del nuevo01K-A01 y sus consumidores. Decisión concreta de Iván; fuente original actualmente de sólo lectura.",research/ecosystem-awareness/baseline/01K_VNext.md,research/ecosystem-awareness/baseline/01K_HUMAN_INTELLIGENCE_CAPACITY_ESCALATION_AND_DEBT_PROFILE_v0.1.md,38fcb757c662e2ea40ca24865f90cad2cca4bc98,e52ed065c5d217da73634c7eb28d26c5d990abae,0,0,No,Superado por la fuente,"Conservar historia y no recrear64/67. RevisarHC runtime y HID arquitectura separadamente, con fuentes del nuevo01K-A01 y sus consumidores.",64
68,Condicionar el residualD a una barrera efectiva,Pendiente de decisión,Primera,Alto,Alto,Alto,"2 — Coherencia entre RA, EA y MSCA",Cambio acoplado; no listo,No,Conservar el significado process-relative deD y no tratar UNKNOWN o trabajo evaluable no hecho como barrera estructural.,"Afecta clasificación de ReceivedSignals, EHD/Cart/RA y perfiles de compatibilidad; una precisión aislada deja reglas contradictorias.","Esfuerzo Alto: además de redactar, leer y conciliar productor, receptores, perfiles/materiales y casos límite; comprobar compatibilidad y mantenimiento de versiones antes de una decisión.",research/ecosystem-awareness/baseline/00M_ABCD_AND_MATHEMATICAL_PLAUSIBILITY_v0.8_RESEARCH_NOTE.md | research/ecosystem-awareness/baseline/04_GENERAL_FUNCTIONAL_INTERFACES_AGENTIC_SECURITY_v0.5_INTEGRATED.md | research/ecosystem-awareness/baseline/01C_EA_REGIME_AWARENESS_INTERFACE_ANNEX_v0.2.md | standards/minimum-sufficient-control/03_MSCA_ECOSYSTEM_COMPOSITION_AND_CONTROL.md,"68/69/70, ejemplo detelemetry y HC-HID: pregunta/process/scope/capability/time; conservar desconocimiento sin prometer cierre ni añadir campo obligatorio. Decisión concreta de Iván; fuente original actualmente de sólo lectura.",research/ecosystem-awareness/baseline/01J_VNext.md,research/ecosystem-awareness/baseline/01J_ECOSYSTEM_SIGNALLING_SELECTIVE_DISCLOSURE_AND_CHOREOGRAPHED_REPOSITIONING_v0.1.md,e736d4bb6233e39de323ff0aa38553b74001469e,ac9728b5821abb8300bc147fc4a8c02841831fa4,1,0,No,Cambio acoplado; no listo,"68/69/70, ejemplo detelemetry y HC-HID: pregunta/process/scope/capability/time; conservar desconocimiento sin prometer cierre ni añadir campo obligatorio.",69 | 70 | 35 | 37
69,Conservar UNKNOWN en perfiles sintetizados todavía no calificados,Pendiente de decisión,Primera,Alto,Alto,Alto,"2 — Coherencia entre RA, EA y MSCA",Cambio acoplado; no listo,No,Conservar el significado process-relative deD y no tratar UNKNOWN o trabajo evaluable no hecho como barrera estructural.,"Afecta clasificación de ReceivedSignals, EHD/Cart/RA y perfiles de compatibilidad; una precisión aislada deja reglas contradictorias.","Esfuerzo Alto: además de redactar, leer y conciliar productor, receptores, perfiles/materiales y casos límite; comprobar compatibilidad y mantenimiento de versiones antes de una decisión.",research/ecosystem-awareness/baseline/00M_ABCD_AND_MATHEMATICAL_PLAUSIBILITY_v0.8_RESEARCH_NOTE.md | research/ecosystem-awareness/baseline/04_GENERAL_FUNCTIONAL_INTERFACES_AGENTIC_SECURITY_v0.5_INTEGRATED.md | research/ecosystem-awareness/baseline/01C_EA_REGIME_AWARENESS_INTERFACE_ANNEX_v0.2.md | standards/minimum-sufficient-control/03_MSCA_ECOSYSTEM_COMPOSITION_AND_CONTROL.md,Revisar junto 68/70; no reducirUNKNOWN a éxito ni la validación independiente a declaración del autor. Fuente/compatibilidad actualHC-HID también consumida. Decisión concreta de Iván; fuente original actualmente de sólo lectura.,research/ecosystem-awareness/baseline/01J_VNext.md,research/ecosystem-awareness/baseline/01J_ECOSYSTEM_SIGNALLING_SELECTIVE_DISCLOSURE_AND_CHOREOGRAPHED_REPOSITIONING_v0.1.md,e736d4bb6233e39de323ff0aa38553b74001469e,ac9728b5821abb8300bc147fc4a8c02841831fa4,1,0,No,Cambio acoplado; no listo,Revisar junto 68/70; no reducirUNKNOWN a éxito ni la validación independiente a declaración del autor. Fuente/compatibilidad actualHC-HID también consumida.,68 | 70
70,Hacer condicionalD_compatibility en el esquema de recepción,Pendiente de decisión,Primera,Alto,Alto,Alto,"2 — Coherencia entre RA, EA y MSCA",Cambio acoplado; no listo,No,Conservar el significado process-relative deD y no tratar UNKNOWN o trabajo evaluable no hecho como barrera estructural.,"Afecta clasificación de ReceivedSignals, EHD/Cart/RA y perfiles de compatibilidad; una precisión aislada deja reglas contradictorias.","Esfuerzo Alto: además de redactar, leer y conciliar productor, receptores, perfiles/materiales y casos límite; comprobar compatibilidad y mantenimiento de versiones antes de una decisión.",research/ecosystem-awareness/baseline/00M_ABCD_AND_MATHEMATICAL_PLAUSIBILITY_v0.8_RESEARCH_NOTE.md | research/ecosystem-awareness/baseline/04_GENERAL_FUNCTIONAL_INTERFACES_AGENTIC_SECURITY_v0.5_INTEGRATED.md | research/ecosystem-awareness/baseline/01C_EA_REGIME_AWARENESS_INTERFACE_ANNEX_v0.2.md | standards/minimum-sufficient-control/03_MSCA_ECOSYSTEM_COMPOSITION_AND_CONTROL.md,Figura y§§9/10 deben concordar con 68/69 y el ejemplo. Distinguir representación conceptual de wire/schema nuevo; contraste con receptores. Decisión concreta de Iván; fuente original actualmente de sólo lectura.,research/ecosystem-awareness/baseline/01J_VNext.md,research/ecosystem-awareness/baseline/01J_ECOSYSTEM_SIGNALLING_SELECTIVE_DISCLOSURE_AND_CHOREOGRAPHED_REPOSITIONING_v0.1.md,e736d4bb6233e39de323ff0aa38553b74001469e,ac9728b5821abb8300bc147fc4a8c02841831fa4,1,0,No,Cambio acoplado; no listo,Figura y§§9/10 deben concordar con 68/69 y el ejemplo. Distinguir representación conceptual de wire/schema nuevo; contraste con receptores.,68 | 69
71,"Aclaración conjunta de arquitectura, evidencia y posturas al final de EP",Pendiente de decisión,Primera,Alto,Medio,Medio,1 — Claridad de evidencia y estado,"Par literal y ubicación revalidados; candidato documental para decisión, no permiso",Sí,Hacer comprensible el reparto de responsabilidades y los límites de evidencia sin intervenir en el texto anterior ni confundir las dos listas P.,Una síntesis podría abreviar en exceso las fronteras EA/RA/MSCA o sonar a actualización retroactiva de pruebas; cotejar las definiciones y mantener las reservas expresas.,"Revisar las tres aclaraciones juntas, el contexto final del router y sus fuentes; validar lectura y conservación exacta antes de cualquier decisión.",architectural-contributions/ecosystem-positioning/README_VNext.md | research/ecosystem-awareness/baseline/00M_VNext.md | research/regime-awareness/README_VNext.md | standards/minimum-sufficient-control/README_VNext.md,Alternativa append-only a3/4/5. Original actualmente de sólo lectura: decidir primero si se desea esta adición futura; no incorporar por esta publicación.,architectural-contributions/ecosystem-positioning/README_VNext.md,architectural-contributions/ecosystem-positioning/README.md,641693f5a56e610fc1e76ae79ad41b96bd903f00,641693f5a56e610fc1e76ae79ad41b96bd903f00,1,0,No,Alternativa aditiva conjunta,Alternativa append-only a3/4/5. Original actualmente de sólo lectura: decidir primero si se desea esta adición futura; no incorporar por esta publicación.,3 | 4 | 5
72,Conservar A como resultado funcional en la explicación de x de 01B,Pendiente de decisión,Siguiente,Medio,Medio,Medio,"2 — Coherencia entre RA, EA y MSCA",Par completo localizado; conciliación de lectura/contexto y decisión pendientes,No,"Evitar que la explicación local de la notación reduzca el resultado funcional A a una aserción/scope, cuando la cabecera y el propio payload ya usan 00M vigente.","El contexto ya conserva la semántica actual; sustituir una frase no debe parecer una taxonomía nueva, cambiar el payload o renombrar A(t) histórico de ArticleII.","Cotejar la cabecera, tabla §4,00M §1 y receptores antes de decidir si la precisión mejora lectura; mantener versiones y no cambiar pruebas antiguas.",research/ecosystem-awareness/baseline/00M_VNext.md | research/ecosystem-awareness/baseline/01D_VNext.md | standards/minimum-sufficient-control/00_ARCHITECTURE_VNext.md,"Viejo literal único en §2. Aclaración opcional, no error runtime probado. Original sólo lectura; decisión concreta deIván antes de incorporar.",research/ecosystem-awareness/baseline/01B_VNext.md,research/ecosystem-awareness/baseline/01B_EA_MSCA_INTERFACE_ANNEX_v0.2.md,53c08ab1644d031ab0f7b53de5efa24ef5c8520f,53c08ab1644d031ab0f7b53de5efa24ef5c8520f,1,0,No,Aclaración contextual opcional,"Viejo literal único en §2. Aclaración opcional, no error runtime probado. Original sólo lectura; decisión concreta deIván antes de incorporar.",
73,Conservar fallos Type 1/2 dentro de un alcance fijo,Pendiente de decisión,Primera,Alto,Alto,Alto,3 — Contratos y protocolo de evaluación,Par literal contra snapshot actual; conciliación semántica y fuente completa pendientes,No,"Evitar que diagnosticar Type 1/2 exija una ampliación del dominio cuando las definiciones conservadas ya incluyen espera indefinida, silencio tratado como aprobación o datos stale dentro del mismo scope.","Afecta taxonomía central y diagnósticos de funciones, Requirements y perfiles DDS; una modificación aislada podría cambiar cómo se interpretan controles o resultados históricos.","Conciliar el bloque 1.1A con § §2/3.4/3.5 conservados, función F6/F7, RequirementsS5/S14/T4 y diagnósticos DDS/realizaciones. No basta modificar un título o un párrafo; la lectura integral de Foundation sigue pendiente.",research/ecosystem-awareness/baseline/03_FUNCTIONAL_VNext.md | research/ecosystem-awareness/baseline/00_REQUIREMENTS_VNEXT_REVIEW_AND_DELTA_v0.1_DRAFT.md | research/ecosystem-awareness/baseline/00N_VNext.md | research/ecosystem-awareness/DDS_CHALLENGE_TRAJECTORY_PROFILE_v0.1_VNext.md,"Leer el bloque y ejemplos en contexto; conservar Type 0 y causalidad/no-automático de I/M/P/Ø. Decisión concreta deIván; fuente original sólo lectura, sin recalificar resultados congelados.",research/ecosystem-awareness/baseline/01_FOUNDATIONAL_VNext.md,research/ecosystem-awareness/baseline/01_FOUNDATIONAL_THEORY_v0.5_INTEGRATED.md,2cee8af601c89a8785bba9f48974061f0a5dc102,2cee8af601c89a8785bba9f48974061f0a5dc102,1,0,No,Propuesta normativa acoplada; no lista para incorporación,"Leer el bloque y ejemplos en contexto; conservar Type 0 y causalidad/no-automático de I/M/P/Ø. Decisión concreta deIván; fuente original sólo lectura, sin recalificar resultados congelados.",
